store_number,promotion_id,sku_number,kg_basket_centrality_score,kg_substitute_availability_score,kg_supplier_dependency_score,kg_mission_role_strength,kg_history_similarity_score,kg_stockout_memory_score,kg_human_override_memory_score,dag_state_coverage_score,dag_missing_state_count,dag_decision_path_quality
772,772|92331|2025-11-25|2025-12-01|772-92331-20251125|Allocation Report - SE4 BLACK (PINK) FRIDAY,92331,0.0,0.4,0.8,0.098,0.3857,1.0,0.0,0.5,8,PARTIAL
772,772|193148|2025-12-01|2025-12-13|772-193148-20251201|Allocation Report - OP15 12 DAYS OF CHRISTMAS,193148,0.0,0.7,0.8,0.083,0.1385,0.0,0.0,0.5,8,PARTIAL
772,772|51070|2025-12-01|2025-12-13|772-51070-20251201|Allocation Report - OP15 12 DAYS OF CHRISTMAS,51070,0.0,0.7,1.0,0.11599999999999999,0.1385,0.0,0.0,0.5,8,PARTIAL
772,772|195422|2025-12-11|2025-12-24|772-195422-20251211|Allocation Report - WK24&25 XMAS PT4 MAJOR VITAMINS,195422,0.0,0.7,0.8,0.141,0.1357,0.0,0.0,0.5,8,PARTIAL
772,772|195434|2025-12-11|2025-12-24|772-195434-20251211|Allocation Report - WK24&25 XMAS PT4 MAJOR VITAMINS,195434,0.0,0.7,0.8,0.11199999999999999,0.1357,0.0,0.0,0.5,8,PARTIAL
772,772|44175|2025-12-11|2025-12-24|772-44175-20251211|Allocation Report - WK24&25 XMAS PT4 MAJOR VITAMINS,44175,0.0,0.7,0.8,0.076,0.1714,0.0,0.0,0.5,8,PARTIAL
772,772|185192|2025-12-25|2026-01-14|772-185192-20251225|Allocation Report - WK26-28 NEW YEAR NEW YOU,185192,0.0,0.7,0.8,0.17300000000000001,0.1714,0.0,0.0,0.5,8,PARTIAL
772,772|188146|2025-12-25|2026-01-14|772-188146-20251225|Allocation Report - WK26-28 NEW YEAR NEW YOU,188146,0.0,0.7,0.8,0.11599999999999999,0.1238,0.0,0.0,0.5,8,PARTIAL
772,772|190060|2025-12-25|2026-01-14|772-190060-20251225|Allocation Report - WK26-28 NEW YEAR NEW YOU,190060,0.0,0.7,0.8,0.09,0.1238,0.0,0.0,0.5,8,PARTIAL
772,772|190062|2025-12-25|2026-01-14|772-190062-20251225|Allocation Report - WK26-28 NEW YEAR NEW YOU,190062,0.0,0.7,0.8,0.12300000000000001,0.1238,0.0,0.0,0.5,8,PARTIAL
772,772|190065|2025-12-25|2026-01-14|772-190065-20251225|Allocation Report - WK26-28 NEW YEAR NEW YOU,190065,0.0,0.7,0.8,0.111,0.1476,0.0,0.0,0.5,8,PARTIAL
772,772|190084|2025-12-25|2026-01-14|772-190084-20251225|Allocation Report - WK26-28 NEW YEAR NEW YOU,190084,0.0,0.7,0.8,0.126,0.1714,0.0,0.0,0.5,8,PARTIAL
772,772|190099|2025-12-25|2026-01-14|772-190099-20251225|Allocation Report - WK26-28 NEW YEAR NEW YOU,190099,0.0,0.7,0.8,0.096,0.1476,0.0,0.0,0.5,8,PARTIAL
772,772|190135|2025-12-25|2026-01-14|772-190135-20251225|Allocation Report - WK26-28 NEW YEAR NEW YOU,190135,0.0,0.7,0.8,0.135,0.1476,0.0,0.0,0.5,8,PARTIAL
772,772|190274|2025-12-25|2026-01-14|772-190274-20251225|Allocation Report - WK26-28 NEW YEAR NEW YOU,190274,0.0,0.7,0.8,0.10300000000000001,0.1476,0.0,0.0,0.5,8,PARTIAL
772,772|190275|2025-12-25|2026-01-14|772-190275-20251225|Allocation Report - WK26-28 NEW YEAR NEW YOU,190275,0.0,0.7,1.0,0.079,0.1238,0.0,0.0,0.5,8,PARTIAL
772,772|192177|2025-12-25|2026-01-14|772-192177-20251225|Allocation Report - WK26-28 NEW YEAR NEW YOU,192177,0.0,0.7,0.8,0.113,0.1476,0.0,0.0,0.5,8,PARTIAL
772,772|197262|2025-12-25|2026-01-14|772-197262-20251225|Allocation Report - WK26-28 NEW YEAR NEW YOU,197262,0.0,0.7,0.8,0.115,0.1476,0.0,0.0,0.5,8,PARTIAL
772,772|198934|2025-12-25|2026-01-14|772-198934-20251225|Allocation Report - WK26-28 NEW YEAR NEW YOU,198934,0.0,0.7,0.8,0.157,0.1238,0.0,0.0,0.5,8,PARTIAL
772,772|199044|2025-12-25|2026-01-14|772-199044-20251225|Allocation Report - WK26-28 NEW YEAR NEW YOU,199044,0.0,0.7,0.8,0.141,0.1238,0.0,0.0,0.5,8,PARTIAL
772,772|20866|2025-12-25|2026-01-14|772-20866-20251225|Allocation Report - WK26-28 NEW YEAR NEW YOU,20866,0.0,0.7,0.8,0.172,0.1476,0.0,0.0,0.5,8,PARTIAL
772,772|21072|2025-12-25|2026-01-14|772-21072-20251225|Allocation Report - WK26-28 NEW YEAR NEW YOU,21072,0.0,0.7,0.8,0.136,0.1476,0.0,0.0,0.5,8,PARTIAL
772,772|22069|2025-12-25|2026-01-14|772-22069-20251225|Allocation Report - WK26-28 NEW YEAR NEW YOU,22069,0.0,0.7,0.8,0.158,0.1476,0.0,0.0,0.5,8,PARTIAL
772,772|23075|2025-12-25|2026-01-14|772-23075-20251225|Allocation Report - WK26-28 NEW YEAR NEW YOU,23075,0.0,0.7,0.8,0.191,0.1238,0.0,0.0,0.5,8,PARTIAL
772,772|24919|2025-12-25|2026-01-14|772-24919-20251225|Allocation Report - WK26-28 NEW YEAR NEW YOU,24919,0.0,0.7,0.8,0.201,0.1238,0.0,0.0,0.5,8,PARTIAL
772,772|295000|2025-12-25|2026-01-14|772-295000-20251225|Allocation Report - WK26-28 NEW YEAR NEW YOU,295000,0.0,0.7,0.8,0.12,0.1238,0.0,0.0,0.5,8,PARTIAL
772,772|298522|2025-12-25|2026-01-14|772-298522-20251225|Allocation Report - WK26-28 NEW YEAR NEW YOU,298522,0.0,0.7,1.0,0.129,0.1476,0.0,0.0,0.5,8,PARTIAL
772,772|306779|2025-12-25|2026-01-14|772-306779-20251225|Allocation Report - WK26-28 NEW YEAR NEW YOU,306779,0.0,0.7,0.8,0.14300000000000002,0.1238,0.0,0.0,0.5,8,PARTIAL
772,772|36995|2025-12-25|2026-01-14|772-36995-20251225|Allocation Report - WK26-28 NEW YEAR NEW YOU,36995,0.0,0.7,0.8,0.135,0.1714,0.0,0.0,0.5,8,PARTIAL
772,772|388823|2025-12-25|2026-01-14|772-388823-20251225|Allocation Report - WK26-28 NEW YEAR NEW YOU,388823,0.0,0.7,0.8,0.154,0.1238,0.0,0.0,0.5,8,PARTIAL
772,772|415278|2025-12-25|2026-01-14|772-415278-20251225|Allocation Report - WK26-28 NEW YEAR NEW YOU,415278,0.0,0.7,0.8,0.138,0.1476,0.0,0.0,0.5,8,PARTIAL
772,772|49493|2025-12-25|2026-01-14|772-49493-20251225|Allocation Report - WK26-28 NEW YEAR NEW YOU,49493,0.0,0.7,0.8,0.11699999999999999,0.1952,0.0,0.0,0.5,8,PARTIAL
772,772|49817|2025-12-25|2026-01-14|772-49817-20251225|Allocation Report - WK26-28 NEW YEAR NEW YOU,49817,0.0,0.7,0.8,0.12300000000000001,0.1238,0.0,0.0,0.5,8,PARTIAL
772,772|51409|2025-12-25|2026-01-14|772-51409-20251225|Allocation Report - WK26-28 NEW YEAR NEW YOU,51409,0.0,0.7,0.8,0.153,0.1476,0.0,0.0,0.5,8,PARTIAL
772,772|61289|2025-12-25|2026-01-14|772-61289-20251225|Allocation Report - WK26-28 NEW YEAR NEW YOU,61289,0.0,0.7,0.8,0.106,0.1238,0.0,0.0,0.5,8,PARTIAL
772,772|711578|2025-12-25|2026-01-14|772-711578-20251225|Allocation Report - WK26-28 NEW YEAR NEW YOU,711578,0.0,0.7,0.8,0.085,0.1238,0.0,0.0,0.5,8,PARTIAL
772,772|88789|2025-12-25|2026-01-14|772-88789-20251225|Allocation Report - WK26-28 NEW YEAR NEW YOU,88789,0.0,0.7,0.8,0.122,0.1476,0.0,0.0,0.5,8,PARTIAL
772,772|90087|2025-12-25|2026-01-14|772-90087-20251225|Allocation Report - WK26-28 NEW YEAR NEW YOU,90087,0.0,0.7,0.8,0.10800000000000001,0.1476,0.0,0.0,0.5,8,PARTIAL
772,772|90095|2025-12-25|2026-01-14|772-90095-20251225|Allocation Report - WK26-28 NEW YEAR NEW YOU,90095,0.0,0.7,0.8,0.091,0.1476,0.0,0.0,0.5,8,PARTIAL
772,772|90103|2025-12-25|2026-01-14|772-90103-20251225|Allocation Report - WK26-28 NEW YEAR NEW YOU,90103,0.0,0.7,0.8,0.125,0.1714,0.0,0.0,0.5,8,PARTIAL
772,772|92214|2025-12-25|2026-01-14|772-92214-20251225|Allocation Report - WK26-28 NEW YEAR NEW YOU,92214,0.0,0.7,0.8,0.161,0.1952,0.0,0.0,0.5,8,PARTIAL
772,772|92642|2025-12-25|2026-01-14|772-92642-20251225|Allocation Report - WK26-28 NEW YEAR NEW YOU,92642,0.0,0.7,0.8,0.11900000000000001,0.1238,0.0,0.0,0.5,8,PARTIAL
772,772|92705|2025-12-25|2026-01-14|772-92705-20251225|Allocation Report - WK26-28 NEW YEAR NEW YOU,92705,0.0,0.7,0.8,0.11699999999999999,0.1238,0.0,0.0,0.5,8,PARTIAL
772,772|93461|2025-12-25|2026-01-14|772-93461-20251225|Allocation Report - WK26-28 NEW YEAR NEW YOU,93461,0.0,0.7,0.8,0.105,0.1238,0.0,0.0,0.5,8,PARTIAL
772,772|191176|2026-01-22|2026-02-04|772-191176-20260122|Allocation Report - WK30&31 HAIRCARE GOODY BAG,191176,0.0,0.7,0.8,0.136,0.2071,0.0,0.0,0.5,8,PARTIAL
772,772|30536|2026-01-22|2026-02-04|772-30536-20260122|Allocation Report - WK30&31 HAIRCARE GOODY BAG,30536,0.0,0.7,0.8,0.11800000000000001,0.1357,0.0,0.0,0.5,8,PARTIAL
772,772|369403|2026-01-22|2026-02-04|772-369403-20260122|Allocation Report - WK30&31 HAIRCARE GOODY BAG,369403,0.0,0.7,1.0,0.12300000000000001,0.2071,0.0,0.0,0.5,8,PARTIAL
772,772|4995|2026-01-22|2026-02-04|772-4995-20260122|Allocation Report - WK30&31 HAIRCARE GOODY BAG,4995,0.0,0.4,0.8,0.138,0.2429,1.0,0.0,0.5,8,PARTIAL
772,772|193865|2026-02-05|2026-02-18|772-193865-20260205|Allocation Report - WK32&33 BEAUTY BOX,193865,0.0,0.7,0.8,0.10300000000000001,0.1357,0.0,0.0,0.5,8,PARTIAL
772,772|655791|2026-02-05|2026-02-18|772-655791-20260205|Allocation Report - WK32&33 BEAUTY BOX,655791,0.0,0.7,1.0,0.11,0.1357,0.0,0.0,0.5,8,PARTIAL
772,772|668178|2026-02-05|2026-02-18|772-668178-20260205|Allocation Report - WK32&33 BEAUTY BOX,668178,0.0,0.7,0.8,0.095,0.1357,0.0,0.0,0.5,8,PARTIAL
772,772|93985|2026-02-05|2026-02-18|772-93985-20260205|Allocation Report - WK32&33 BEAUTY BOX,93985,0.0,0.7,0.8,0.095,0.2071,0.0,0.0,0.5,8,PARTIAL
772,772|94922|2026-02-05|2026-02-18|772-94922-20260205|Allocation Report - WK32&33 BEAUTY BOX,94922,0.0,0.7,0.8,0.151,0.1357,0.0,0.0,0.5,8,PARTIAL
772,772|185567|2026-02-19|2026-03-04|772-185567-20260219|Allocation Report - WK34&35 AUTUMN PART 1,185567,0.0,0.4,0.8,0.131,0.1714,1.0,0.0,0.5,8,PARTIAL
772,772|190082|2026-02-19|2026-03-04|772-190082-20260219|Allocation Report - WK34&35 AUTUMN PART 1,190082,0.0,0.7,1.0,0.10800000000000001,0.2071,0.0,0.0,0.5,8,PARTIAL
772,772|190093|2026-02-19|2026-03-04|772-190093-20260219|Allocation Report - WK34&35 AUTUMN PART 1,190093,0.0,0.7,0.8,0.115,0.1357,0.0,0.0,0.5,8,PARTIAL
772,772|190268|2026-02-19|2026-03-04|772-190268-20260219|Allocation Report - WK34&35 AUTUMN PART 1,190268,0.0,0.7,0.8,0.073,0.1714,0.0,0.0,0.5,8,PARTIAL
772,772|191317|2026-02-19|2026-03-04|772-191317-20260219|Allocation Report - WK34&35 AUTUMN PART 1,191317,0.0,0.7,0.8,0.135,0.1357,0.0,0.0,0.5,8,PARTIAL
772,772|195641|2026-02-19|2026-03-04|772-195641-20260219|Allocation Report - WK34&35 AUTUMN PART 1,195641,0.0,0.4,0.8,0.13,0.2071,1.0,0.0,0.5,8,PARTIAL
772,772|199068|2026-02-19|2026-03-04|772-199068-20260219|Allocation Report - WK34&35 AUTUMN PART 1,199068,0.0,0.7,0.8,0.11599999999999999,0.2786,0.0,0.0,0.5,8,PARTIAL
772,772|22926|2026-02-19|2026-03-04|772-22926-20260219|Allocation Report - WK34&35 AUTUMN PART 1,22926,0.0,0.7,0.8,0.099,0.1357,0.0,0.0,0.5,8,PARTIAL
772,772|31522|2026-02-19|2026-03-04|772-31522-20260219|Allocation Report - WK34&35 AUTUMN PART 1,31522,0.0,0.7,0.8,0.11900000000000001,0.1714,0.0,0.0,0.5,8,PARTIAL
772,772|369403|2026-02-19|2026-03-04|772-369403-20260219|Allocation Report - WK34&35 AUTUMN PART 1,369403,0.0,0.7,1.0,0.111,0.2429,0.0,0.0,0.5,8,PARTIAL
772,772|399795|2026-02-19|2026-03-04|772-399795-20260219|Allocation Report - WK34&35 AUTUMN PART 1,399795,0.0,0.4,0.8,0.077,0.1357,1.0,0.0,0.5,8,PARTIAL
772,772|92334|2026-02-19|2026-03-04|772-92334-20260219|Allocation Report - WK34&35 AUTUMN PART 1,92334,0.0,0.4,0.8,0.259,0.2429,1.0,0.0,0.5,8,PARTIAL
772,772|95116|2026-02-19|2026-03-04|772-95116-20260219|Allocation Report - WK34&35 AUTUMN PART 1,95116,0.0,0.4,0.8,0.175,0.1714,1.0,0.0,0.5,8,PARTIAL
772,772|187759|2026-03-05|2026-03-18|772-187759-20260305|Allocation Report - OP21 FEMALE FOUNDERS,187759,0.0,0.7,0.8,0.17800000000000002,0.2071,0.0,0.0,0.5,8,PARTIAL
772,772|190082|2026-03-05|2026-03-18|772-190082-20260305|Allocation Report - OP21 FEMALE FOUNDERS,190082,0.0,0.7,1.0,0.08900000000000001,0.1357,0.0,0.0,0.5,8,PARTIAL
772,772|190129|2026-03-05|2026-03-18|772-190129-20260305|Allocation Report - OP21 FEMALE FOUNDERS,190129,0.0,0.7,1.0,0.064,0.1714,0.0,0.0,0.5,8,PARTIAL
772,772|196029|2026-03-05|2026-03-18|772-196029-20260305|Allocation Report - OP21 FEMALE FOUNDERS,196029,0.0,0.7,0.8,0.11699999999999999,0.1357,0.0,0.0,0.5,8,PARTIAL
772,772|196472|2026-03-05|2026-03-18|772-196472-20260305|Allocation Report - OP21 FEMALE FOUNDERS,196472,0.0,0.7,0.8,0.066,0.1357,0.0,0.0,0.5,8,PARTIAL
772,772|198651|2026-03-05|2026-03-18|772-198651-20260305|Allocation Report - OP21 FEMALE FOUNDERS,198651,0.0,0.7,0.8,0.134,0.1714,0.0,0.0,0.5,8,PARTIAL
772,772|318051|2026-03-05|2026-03-18|772-318051-20260305|Allocation Report - OP21 FEMALE FOUNDERS,318051,0.0,0.7,0.8,0.07,0.1357,0.0,0.0,0.5,8,PARTIAL
772,772|73371|2026-03-05|2026-03-18|772-73371-20260305|Allocation Report - OP21 FEMALE FOUNDERS,73371,0.0,0.7,0.8,0.141,0.1357,0.0,0.0,0.5,8,PARTIAL
772,772|90024|2026-03-05|2026-03-18|772-90024-20260305|Allocation Report - OP21 FEMALE FOUNDERS,90024,0.0,0.7,0.8,0.125,0.1357,0.0,0.0,0.5,8,PARTIAL
772,772|94457|2026-03-05|2026-03-18|772-94457-20260305|Allocation Report - OP21 FEMALE FOUNDERS,94457,0.0,0.4,0.8,0.267,0.1357,1.0,0.0,0.5,8,PARTIAL
772,772|190092|2026-03-26|2026-04-08|772-190092-20260326|Allocation Report - WK39&40 AUTUMN PART 3 MAJOR VITAMIN,190092,0.0,0.7,0.8,0.099,0.1357,0.0,0.0,0.5,8,PARTIAL
772,772|42952|2026-03-26|2026-04-08|772-42952-20260326|Allocation Report - WK39&40 AUTUMN PART 3 MAJOR VITAMIN,42952,0.0,0.7,0.8,0.11699999999999999,0.1357,0.0,0.0,0.5,8,PARTIAL
772,772|67700|2026-03-26|2026-04-08|772-67700-20260326|Allocation Report - WK39&40 AUTUMN PART 3 MAJOR VITAMIN,67700,0.0,0.7,0.8,0.08900000000000001,0.1357,0.0,0.0,0.5,8,PARTIAL
772,772|75660|2026-03-26|2026-04-08|772-75660-20260326|Allocation Report - WK39&40 AUTUMN PART 3 MAJOR VITAMIN,75660,0.0,0.7,0.8,0.11599999999999999,0.1,0.0,0.0,0.5,8,PARTIAL
772,772|8686|2026-03-26|2026-04-08|772-8686-20260326|Allocation Report - WK39&40 AUTUMN PART 3 MAJOR VITAMIN,8686,0.0,0.7,0.8,0.109,0.1714,0.0,0.0,0.5,8,PARTIAL
772,772|88159|2026-03-26|2026-04-08|772-88159-20260326|Allocation Report - WK39&40 AUTUMN PART 3 MAJOR VITAMIN,88159,0.0,0.7,0.8,0.133,0.2071,0.0,0.0,0.5,8,PARTIAL
772,772|184677|2026-04-09|2026-04-22|772-184677-20260409|Allocation Report - WK41&42 SKINCARE GOODY BAG,184677,0.0,0.4,0.8,0.138,0.2786,1.0,0.0,0.5,8,PARTIAL
772,772|394289|2026-04-09|2026-04-22|772-394289-20260409|Allocation Report - WK41&42 SKINCARE GOODY BAG,394289,0.0,0.4,0.8,0.12,0.1357,1.0,0.0,0.5,8,PARTIAL
772,772|47021|2026-04-09|2026-04-22|772-47021-20260409|Allocation Report - WK41&42 SKINCARE GOODY BAG,47021,0.0,0.4,0.8,0.145,0.2071,1.0,0.0,0.5,8,PARTIAL
772,772|55584|2026-04-09|2026-04-22|772-55584-20260409|Allocation Report - WK41&42 SKINCARE GOODY BAG,55584,0.0,0.4,0.8,0.098,0.1357,1.0,0.0,0.5,8,PARTIAL
772,772|59330|2026-04-09|2026-04-22|772-59330-20260409|Allocation Report - WK41&42 SKINCARE GOODY BAG,59330,0.0,0.4,1.0,0.16399999999999998,0.2071,1.0,0.0,0.5,8,PARTIAL
772,772|61294|2026-04-09|2026-04-22|772-61294-20260409|Allocation Report - WK41&42 SKINCARE GOODY BAG,61294,0.0,0.7,0.8,0.10800000000000001,0.1714,0.0,0.0,0.5,8,PARTIAL
772,772|61297|2026-04-09|2026-04-22|772-61297-20260409|Allocation Report - WK41&42 SKINCARE GOODY BAG,61297,0.0,0.7,0.8,0.106,0.1357,0.0,0.0,0.5,8,PARTIAL
772,772|713775|2026-04-09|2026-04-22|772-713775-20260409|Allocation Report - WK41&42 SKINCARE GOODY BAG,713775,0.0,0.4,0.8,0.154,0.1714,1.0,0.0,0.5,8,PARTIAL
772,772|73950|2026-04-09|2026-04-22|772-73950-20260409|Allocation Report - WK41&42 SKINCARE GOODY BAG,73950,0.0,0.4,0.8,0.156,0.3143,1.0,0.0,0.5,8,PARTIAL
772,772|90851|2026-04-09|2026-04-22|772-90851-20260409|Allocation Report - WK41&42 SKINCARE GOODY BAG,90851,0.0,0.4,0.8,0.17300000000000001,0.2071,1.0,0.0,0.5,8,PARTIAL
772,772|90865|2026-04-09|2026-04-22|772-90865-20260409|Allocation Report - WK41&42 SKINCARE GOODY BAG,90865,0.0,0.4,0.8,0.163,0.2429,1.0,0.0,0.5,8,PARTIAL
772,772|102088|2026-04-23|2026-05-06|772-102088-20260423|Allocation Report - WK43&44 HEALTH & BEAUTY OFFERS,102088,0.0,0.7,0.8,0.109,0.1714,0.0,0.0,0.5,8,PARTIAL
772,772|198756|2026-04-23|2026-05-06|772-198756-20260423|Allocation Report - WK43&44 HEALTH & BEAUTY OFFERS,198756,0.0,0.7,0.8,0.10400000000000001,0.1357,0.0,0.0,0.5,8,PARTIAL
772,772|24385|2026-04-23|2026-05-06|772-24385-20260423|Allocation Report - WK43&44 HEALTH & BEAUTY OFFERS,24385,0.0,0.7,0.8,0.107,0.1357,0.0,0.0,0.5,8,PARTIAL
772,772|28286|2026-04-23|2026-05-06|772-28286-20260423|Allocation Report - WK43&44 HEALTH & BEAUTY OFFERS,28286,0.0,0.7,0.8,0.11599999999999999,0.2429,0.0,0.0,0.5,8,PARTIAL
772,772|41547|2026-04-23|2026-05-06|772-41547-20260423|Allocation Report - WK43&44 HEALTH & BEAUTY OFFERS,41547,0.0,0.7,0.8,0.106,0.1357,0.0,0.0,0.5,8,PARTIAL
772,772|67282|2026-04-23|2026-05-06|772-67282-20260423|Allocation Report - WK43&44 HEALTH & BEAUTY OFFERS,67282,0.0,0.4,0.8,0.142,0.1357,1.0,0.0,0.5,8,PARTIAL
772,772|94618|2026-04-23|2026-05-06|772-94618-20260423|Allocation Report - WK43&44 HEALTH & BEAUTY OFFERS,94618,0.0,0.7,0.8,0.145,0.1357,0.0,0.0,0.5,8,PARTIAL
772,772|69722|2026-03-05|2026-03-18|772-69722-20260305|Allocation Report - OP21 FEMALE FOUNDERS,69722,0.0,0.7,0.8,0.0,0.1,0.0,0.0,0.5,8,PARTIAL
772,772|184705|2026-01-22|2026-02-04|772-184705-20260122|Allocation Report - WK30&31 HAIRCARE GOODY BAG,184705,0.0,0.7,0.8,0.0,0.1714,0.0,0.0,0.5,8,PARTIAL
772,772|189972|2026-02-19|2026-03-04|772-189972-20260219|Allocation Report - WK34&35 AUTUMN PART 1,189972,0.0,0.7,0.8,0.0,0.1,0.0,0.0,0.5,8,PARTIAL
772,772|372102|2025-12-11|2025-12-24|772-372102-20251211|Allocation Report - WK24&25 XMAS PT4 MAJOR VITAMINS,372102,0.0,0.7,1.0,0.0,0.2429,0.0,0.0,0.5,8,PARTIAL
772,772|199849|2026-01-15|2026-01-21|772-199849-20260115|Allocation Report - SE6 SKINCARE CATEGORY SALES EVENT,199849,0.0,0.7,0.8,0.0,0.2429,0.0,0.0,0.5,8,PARTIAL
772,772|27928|2026-03-19|2026-03-25|772-27928-20260319|Allocation Report - SE08 MAKE UP CATEGORY SALES EVENT,27928,0.0,0.7,0.8,0.0,0.1,0.0,0.0,0.5,8,PARTIAL
772,772|88731|2025-11-25|2025-12-01|772-88731-20251125|Allocation Report - SE4 BLACK (PINK) FRIDAY,88731,0.0,0.7,0.8,0.0,0.1,0.0,0.0,0.5,8,PARTIAL
772,772|193199|2026-04-23|2026-05-06|772-193199-20260423|Allocation Report - WK43&44 HEALTH & BEAUTY OFFERS,193199,0.0,0.7,0.8,0.0,0.1,0.0,0.0,0.5,8,PARTIAL
772,772|189250|2025-11-25|2025-12-01|772-189250-20251125|Allocation Report - SE4 BLACK (PINK) FRIDAY,189250,0.0,0.7,0.8,0.0,0.1,0.0,0.0,0.5,8,PARTIAL
772,772|96232|2026-01-15|2026-01-21|772-96232-20260115|Allocation Report - SE6 SKINCARE CATEGORY SALES EVENT,96232,0.0,0.7,0.8,0.0,0.3857,0.0,0.0,0.5,8,PARTIAL
772,772|59966|2025-11-13|2025-11-26|772-59966-20251113|Allocation Report - WK20&21 XMAS PART 2 SKIN GOODY BAG,59966,0.0,0.7,0.8,0.0,0.1,0.0,0.0,0.5,8,PARTIAL
772,772|38201|2025-11-25|2025-12-01|772-38201-20251125|Allocation Report - SE4 BLACK (PINK) FRIDAY,38201,0.0,0.7,0.8,0.0,0.1714,0.0,0.0,0.5,8,PARTIAL
772,772|893382|2026-03-05|2026-03-18|772-893382-20260305|Allocation Report - OP21 FEMALE FOUNDERS,893382,0.0,0.7,0.8,0.0,0.2071,0.0,0.0,0.5,8,PARTIAL
772,772|88460|2025-12-11|2025-12-24|772-88460-20251211|Allocation Report - WK24&25 XMAS PT4 MAJOR VITAMINS,88460,0.0,0.7,0.8,0.0,0.1,0.0,0.0,0.5,8,PARTIAL
772,772|88097|2026-01-22|2026-02-04|772-88097-20260122|Allocation Report - WK30&31 HAIRCARE GOODY BAG,88097,0.0,0.7,0.8,0.0,0.2071,0.0,0.0,0.5,8,PARTIAL
772,772|75664|2025-11-25|2025-12-01|772-75664-20251125|Allocation Report - SE4 BLACK (PINK) FRIDAY,75664,0.0,0.7,0.8,0.0,0.1714,0.0,0.0,0.5,8,PARTIAL
772,772|810797|2026-03-05|2026-03-18|772-810797-20260305|Allocation Report - OP21 FEMALE FOUNDERS,810797,0.0,0.7,0.8,0.0,0.1,0.0,0.0,0.5,8,PARTIAL
772,772|38584|2025-12-25|2026-01-14|772-38584-20251225|Allocation Report - WK26-28 NEW YEAR NEW YOU,38584,0.0,0.7,0.8,0.0,0.1,0.0,0.0,0.5,8,PARTIAL
772,772|94282|2025-12-25|2026-01-14|772-94282-20251225|Allocation Report - WK26-28 NEW YEAR NEW YOU,94282,0.0,0.7,0.8,0.0,0.1238,0.0,0.0,0.5,8,PARTIAL
772,772|96609|2026-02-19|2026-03-04|772-96609-20260219|Allocation Report - WK34&35 AUTUMN PART 1,96609,0.0,0.7,0.8,0.0,0.1,0.0,0.0,0.5,8,PARTIAL
772,772|102054|2025-11-25|2025-12-01|772-102054-20251125|Allocation Report - SE4 BLACK (PINK) FRIDAY,102054,0.0,0.7,1.0,0.0,0.1,0.0,0.0,0.5,8,PARTIAL
772,772|74131|2026-01-15|2026-01-21|772-74131-20260115|Allocation Report - SE6 SKINCARE CATEGORY SALES EVENT,74131,0.0,0.7,1.0,0.0,0.1,0.0,0.0,0.5,8,PARTIAL
772,772|191469|2026-02-05|2026-02-18|772-191469-20260205|Allocation Report - WK32&33 BEAUTY BOX,191469,0.0,0.7,0.8,0.0,0.1,0.0,0.0,0.5,8,PARTIAL
772,772|90105|2026-03-05|2026-03-18|772-90105-20260305|Allocation Report - OP21 FEMALE FOUNDERS,90105,0.0,0.7,0.8,0.0,0.2071,0.0,0.0,0.5,8,PARTIAL
772,772|668400|2025-12-02|2025-12-10|772-668400-20251202|Allocation Report - WK23 CHRISTMAS PART 3,668400,0.0,0.7,0.8,0.0,0.1,0.0,0.0,0.5,8,PARTIAL
772,772|197414|2026-04-09|2026-04-22|772-197414-20260409|Allocation Report - WK41&42 SKINCARE GOODY BAG,197414,0.0,0.7,0.8,0.0,0.1,0.0,0.0,0.5,8,PARTIAL
772,772|196549|2026-01-15|2026-01-21|772-196549-20260115|Allocation Report - SE6 SKINCARE CATEGORY SALES EVENT,196549,0.0,0.7,1.0,0.0,0.2429,0.0,0.0,0.5,8,PARTIAL
772,772|90841|2025-11-13|2025-11-26|772-90841-20251113|Allocation Report - WK20&21 XMAS PART 2 SKIN GOODY BAG,90841,0.0,0.7,0.8,0.0,0.2429,0.0,0.0,0.5,8,PARTIAL
772,772|43358|2025-11-25|2025-12-01|772-43358-20251125|Allocation Report - SE4 BLACK (PINK) FRIDAY,43358,0.0,0.7,0.8,0.0,0.1,0.0,0.0,0.5,8,PARTIAL
772,772|90933|2026-03-26|2026-04-08|772-90933-20260326|Allocation Report - WK39&40 AUTUMN PART 3 MAJOR VITAMIN,90933,0.0,0.7,0.8,0.0,0.1,0.0,0.0,0.5,8,PARTIAL
772,772|195157|2026-04-09|2026-04-22|772-195157-20260409|Allocation Report - WK41&42 SKINCARE GOODY BAG,195157,0.0,0.7,0.8,0.0,0.2429,0.0,0.0,0.5,8,PARTIAL
772,772|95384|2026-01-15|2026-01-21|772-95384-20260115|Allocation Report - SE6 SKINCARE CATEGORY SALES EVENT,95384,0.0,0.7,0.8,0.0,0.1,0.0,0.0,0.5,8,PARTIAL
772,772|197221|2025-12-25|2026-01-14|772-197221-20251225|Allocation Report - WK26-28 NEW YEAR NEW YOU,197221,0.0,0.7,0.8,0.0,0.1238,0.0,0.0,0.5,8,PARTIAL
772,772|90170|2026-02-19|2026-03-04|772-90170-20260219|Allocation Report - WK34&35 AUTUMN PART 1,90170,0.0,0.7,1.0,0.0,0.1357,0.0,0.0,0.5,8,PARTIAL
772,772|64955|2026-03-26|2026-04-08|772-64955-20260326|Allocation Report - WK39&40 AUTUMN PART 3 MAJOR VITAMIN,64955,0.0,0.7,0.8,0.0,0.1,0.0,0.0,0.5,8,PARTIAL
772,772|92467|2026-03-19|2026-03-25|772-92467-20260319|Allocation Report - SE08 MAKE UP CATEGORY SALES EVENT,92467,0.0,0.7,0.8,0.0,0.1714,0.0,0.0,0.5,8,PARTIAL
772,772|193951|2025-11-25|2025-12-01|772-193951-20251125|Allocation Report - SE4 BLACK (PINK) FRIDAY,193951,0.0,0.7,0.8,0.0,0.1,0.0,0.0,0.5,8,PARTIAL
772,772|91295|2026-03-05|2026-03-18|772-91295-20260305|Allocation Report - OP21 FEMALE FOUNDERS,91295,0.0,0.7,0.8,0.0,0.1,0.0,0.0,0.5,8,PARTIAL
772,772|198462|2025-12-11|2025-12-24|772-198462-20251211|Allocation Report - WK24&25 XMAS PT4 MAJOR VITAMINS,198462,0.0,0.7,0.8,0.0,0.1714,0.0,0.0,0.5,8,PARTIAL
772,772|34919|2025-12-25|2026-01-14|772-34919-20251225|Allocation Report - WK26-28 NEW YEAR NEW YOU,34919,0.0,0.7,0.8,0.0,0.1,0.0,0.0,0.5,8,PARTIAL
772,772|95586|2026-04-09|2026-04-22|772-95586-20260409|Allocation Report - WK41&42 SKINCARE GOODY BAG,95586,0.0,0.7,0.8,0.0,0.1,0.0,0.0,0.5,8,PARTIAL
772,772|199039|2025-12-11|2025-12-24|772-199039-20251211|Allocation Report - WK24&25 XMAS PT4 MAJOR VITAMINS,199039,0.0,0.7,0.8,0.0,0.1,0.0,0.0,0.5,8,PARTIAL
772,772|90322|2025-11-13|2025-11-26|772-90322-20251113|Allocation Report - WK20&21 XMAS PART 2 SKIN GOODY BAG,90322,0.0,0.7,0.8,0.0,0.1357,0.0,0.0,0.5,8,PARTIAL
772,772|198796|2026-04-23|2026-05-06|772-198796-20260423|Allocation Report - WK43&44 HEALTH & BEAUTY OFFERS,198796,0.0,0.7,0.8,0.0,0.1,0.0,0.0,0.5,8,PARTIAL
772,772|190200|2025-11-13|2025-11-26|772-190200-20251113|Allocation Report - WK20&21 XMAS PART 2 SKIN GOODY BAG,190200,0.0,0.7,0.8,0.0,0.1714,0.0,0.0,0.5,8,PARTIAL
772,772|90304|2025-12-11|2025-12-24|772-90304-20251211|Allocation Report - WK24&25 XMAS PT4 MAJOR VITAMINS,90304,0.0,0.7,0.8,0.0,0.1,0.0,0.0,0.5,8,PARTIAL
772,772|96450|2026-02-05|2026-02-18|772-96450-20260205|Allocation Report - WK32&33 BEAUTY BOX,96450,0.0,0.7,0.8,0.0,0.1,0.0,0.0,0.5,8,PARTIAL
772,772|187772|2025-11-13|2025-11-26|772-187772-20251113|Allocation Report - WK20&21 XMAS PART 2 SKIN GOODY BAG,187772,0.0,0.7,0.8,0.0,0.1,0.0,0.0,0.5,8,PARTIAL
772,772|192069|2026-03-05|2026-03-18|772-192069-20260305|Allocation Report - OP21 FEMALE FOUNDERS,192069,0.0,0.7,0.8,0.0,0.1,0.0,0.0,0.5,8,PARTIAL
772,772|88128|2026-03-26|2026-04-08|772-88128-20260326|Allocation Report - WK39&40 AUTUMN PART 3 MAJOR VITAMIN,88128,0.0,0.7,0.8,0.0,0.1,0.0,0.0,0.5,8,PARTIAL
772,772|97709|2026-03-24|2026-04-22|772-97709-20260324|Allocation Report - New Line 26 WK38,97709,0.0,0.7,0.8,0.0,0.1,0.0,0.0,0.5,8,PARTIAL
772,772|31838|2026-01-22|2026-02-04|772-31838-20260122|Allocation Report - WK30&31 HAIRCARE GOODY BAG,31838,0.0,0.7,0.8,0.0,0.1,0.0,0.0,0.5,8,PARTIAL
772,772|197366|2026-02-19|2026-03-04|772-197366-20260219|Allocation Report - WK34&35 AUTUMN PART 1,197366,0.0,0.7,1.0,0.0,0.2071,0.0,0.0,0.5,8,PARTIAL
772,772|560417|2025-12-11|2025-12-24|772-560417-20251211|Allocation Report - WK24&25 XMAS PT4 MAJOR VITAMINS,560417,0.0,0.7,0.8,0.0,0.1357,0.0,0.0,0.5,8,PARTIAL
772,772|199535|2026-03-19|2026-03-25|772-199535-20260319|Allocation Report - SE08 MAKE UP CATEGORY SALES EVENT,199535,0.0,0.7,0.8,0.0,0.1,0.0,0.0,0.5,8,PARTIAL
772,772|60950|2026-04-09|2026-04-22|772-60950-20260409|Allocation Report - WK41&42 SKINCARE GOODY BAG,60950,0.0,0.7,0.8,0.0,0.1,0.0,0.0,0.5,8,PARTIAL
772,772|668988|2026-02-05|2026-02-18|772-668988-20260205|Allocation Report - WK32&33 BEAUTY BOX,668988,0.0,0.7,0.8,0.0,0.1,0.0,0.0,0.5,8,PARTIAL
772,772|618447|2026-03-19|2026-03-25|772-618447-20260319|Allocation Report - SE08 MAKE UP CATEGORY SALES EVENT,618447,0.0,0.7,0.8,0.0,0.1,0.0,0.0,0.5,8,PARTIAL
772,772|384240|2025-12-25|2026-01-14|772-384240-20251225|Allocation Report - WK26-28 NEW YEAR NEW YOU,384240,0.0,0.7,0.8,0.0,0.1952,0.0,0.0,0.5,8,PARTIAL
772,772|90243|2026-03-19|2026-03-25|772-90243-20260319|Allocation Report - SE08 MAKE UP CATEGORY SALES EVENT,90243,0.0,0.7,1.0,0.0,0.1,0.0,0.0,0.5,8,PARTIAL
772,772|38607|2025-12-02|2025-12-10|772-38607-20251202|Allocation Report - WK23 CHRISTMAS PART 3,38607,0.0,0.7,0.8,0.0,0.1,0.0,0.0,0.5,8,PARTIAL
772,772|45302|2026-02-05|2026-02-18|772-45302-20260205|Allocation Report - WK32&33 BEAUTY BOX,45302,0.0,0.7,0.8,0.0,0.1,0.0,0.0,0.5,8,PARTIAL
772,772|15792|2026-03-26|2026-04-08|772-15792-20260326|Allocation Report - WK39&40 AUTUMN PART 3 MAJOR VITAMIN,15792,0.0,0.7,0.8,0.0,0.1,0.0,0.0,0.5,8,PARTIAL
772,772|93490|2026-01-22|2026-02-04|772-93490-20260122|Allocation Report - WK30&31 HAIRCARE GOODY BAG,93490,0.0,0.7,1.0,0.0,0.1,0.0,0.0,0.5,8,PARTIAL
772,772|92859|2025-11-25|2025-12-01|772-92859-20251125|Allocation Report - SE4 BLACK (PINK) FRIDAY,92859,0.0,0.7,0.8,0.0,0.1,0.0,0.0,0.5,8,PARTIAL
772,772|193064|2026-03-19|2026-03-25|772-193064-20260319|Allocation Report - SE08 MAKE UP CATEGORY SALES EVENT,193064,0.0,0.7,0.8,0.0,0.1,0.0,0.0,0.5,8,PARTIAL
772,772|198293|2026-04-23|2026-05-06|772-198293-20260423|Allocation Report - WK43&44 HEALTH & BEAUTY OFFERS,198293,0.0,0.7,0.8,0.0,0.1,0.0,0.0,0.5,8,PARTIAL
772,772|95951|2026-02-05|2026-02-18|772-95951-20260205|Allocation Report - WK32&33 BEAUTY BOX,95951,0.0,0.7,0.8,0.0,0.1,0.0,0.0,0.5,8,PARTIAL
772,772|27160|2026-03-05|2026-03-18|772-27160-20260305|Allocation Report - OP21 FEMALE FOUNDERS,27160,0.0,0.7,0.8,0.0,0.1,0.0,0.0,0.5,8,PARTIAL
772,772|74324|2026-01-22|2026-02-04|772-74324-20260122|Allocation Report - WK30&31 HAIRCARE GOODY BAG,74324,0.0,0.7,0.8,0.0,0.2429,0.0,0.0,0.5,8,PARTIAL
772,772|186538|2025-12-25|2026-01-14|772-186538-20251225|Allocation Report - WK26-28 NEW YEAR NEW YOU,186538,0.0,0.7,0.8,0.0,0.4095,1.0,0.0,0.5,8,PARTIAL
772,772|94569|2026-01-22|2026-02-04|772-94569-20260122|Allocation Report - WK30&31 HAIRCARE GOODY BAG,94569,0.0,0.7,0.8,0.0,0.1357,0.0,0.0,0.5,8,PARTIAL
772,772|198812|2026-03-19|2026-03-25|772-198812-20260319|Allocation Report - SE08 MAKE UP CATEGORY SALES EVENT,198812,0.0,0.7,0.8,0.0,0.1,0.0,0.0,0.5,8,PARTIAL
772,772|197634|2025-12-11|2025-12-24|772-197634-20251211|Allocation Report - WK24&25 XMAS PT4 MAJOR VITAMINS,197634,0.0,0.7,0.8,0.0,0.1,0.0,0.0,0.5,8,PARTIAL
772,772|67356|2026-03-05|2026-03-18|772-67356-20260305|Allocation Report - OP21 FEMALE FOUNDERS,67356,0.0,0.7,0.8,0.0,0.1,0.0,0.0,0.5,8,PARTIAL
772,772|93996|2025-12-11|2025-12-24|772-93996-20251211|Allocation Report - WK24&25 XMAS PT4 MAJOR VITAMINS,93996,0.0,0.7,1.0,0.0,0.1357,0.0,0.0,0.5,8,PARTIAL
772,772|367540|2025-11-25|2025-12-01|772-367540-20251125|Allocation Report - SE4 BLACK (PINK) FRIDAY,367540,0.0,0.7,0.8,0.0,0.1,0.0,0.0,0.5,8,PARTIAL
772,772|196844|2026-04-09|2026-04-22|772-196844-20260409|Allocation Report - WK41&42 SKINCARE GOODY BAG,196844,0.0,0.7,0.8,0.0,0.1357,0.0,0.0,0.5,8,PARTIAL
772,772|97292|2026-04-23|2026-05-06|772-97292-20260423|Allocation Report - WK43&44 HEALTH & BEAUTY OFFERS,97292,0.0,0.7,0.8,0.0,0.1357,0.0,0.0,0.5,8,PARTIAL
772,772|195770|2026-03-19|2026-03-25|772-195770-20260319|Allocation Report - SE08 MAKE UP CATEGORY SALES EVENT,195770,0.0,0.7,0.8,0.0,0.1,0.0,0.0,0.5,8,PARTIAL
772,772|417592|2026-03-19|2026-03-25|772-417592-20260319|Allocation Report - SE08 MAKE UP CATEGORY SALES EVENT,417592,0.0,0.7,0.8,0.0,0.1,0.0,0.0,0.5,8,PARTIAL
772,772|94463|2025-11-25|2025-12-01|772-94463-20251125|Allocation Report - SE4 BLACK (PINK) FRIDAY,94463,0.0,0.7,0.8,0.0,0.1,0.0,0.0,0.5,8,PARTIAL
772,772|88087|2025-12-25|2026-01-14|772-88087-20251225|Allocation Report - WK26-28 NEW YEAR NEW YOU,88087,0.0,0.7,1.0,0.0,0.1,0.0,0.0,0.5,8,PARTIAL
772,772|188391|2026-03-05|2026-03-18|772-188391-20260305|Allocation Report - OP21 FEMALE FOUNDERS,188391,0.0,0.7,0.8,0.0,0.1,0.0,0.0,0.5,8,PARTIAL
772,772|87419|2026-02-05|2026-02-18|772-87419-20260205|Allocation Report - WK32&33 BEAUTY BOX,87419,0.0,0.7,1.0,0.0,0.1714,0.0,0.0,0.5,8,PARTIAL
772,772|73377|2025-11-13|2025-11-26|772-73377-20251113|Allocation Report - WK20&21 XMAS PART 2 SKIN GOODY BAG,73377,0.0,0.7,1.0,0.0,0.2071,0.0,0.0,0.5,8,PARTIAL
772,772|38709|2026-01-22|2026-02-04|772-38709-20260122|Allocation Report - WK30&31 HAIRCARE GOODY BAG,38709,0.0,0.7,1.0,0.0,0.1,0.0,0.0,0.5,8,PARTIAL
772,772|199948|2025-11-25|2025-12-01|772-199948-20251125|Allocation Report - SE4 BLACK (PINK) FRIDAY,199948,0.0,0.7,0.8,0.0,0.1,0.0,0.0,0.5,8,PARTIAL
772,772|91951|2025-12-25|2026-01-14|772-91951-20251225|Allocation Report - WK26-28 NEW YEAR NEW YOU,91951,0.0,0.7,0.8,0.0,0.1238,0.0,0.0,0.5,8,PARTIAL
772,772|17952|2026-01-15|2026-01-21|772-17952-20260115|Allocation Report - SE6 SKINCARE CATEGORY SALES EVENT,17952,0.0,0.7,0.8,0.0,0.1714,0.0,0.0,0.5,8,PARTIAL
772,772|195987|2025-12-01|2025-12-13|772-195987-20251201|Allocation Report - OP15 12 DAYS OF CHRISTMAS,195987,0.0,0.7,0.8,0.0,0.1385,0.0,0.0,0.5,8,PARTIAL
772,772|116646|2026-04-09|2026-04-22|772-116646-20260409|Allocation Report - WK41&42 SKINCARE GOODY BAG,116646,0.0,0.7,1.0,0.0,0.1,0.0,0.0,0.5,8,PARTIAL
772,772|642797|2026-03-19|2026-03-25|772-642797-20260319|Allocation Report - SE08 MAKE UP CATEGORY SALES EVENT,642797,0.0,0.7,0.8,0.0,0.1,0.0,0.0,0.5,8,PARTIAL
772,772|611038|2026-02-19|2026-03-04|772-611038-20260219|Allocation Report - WK34&35 AUTUMN PART 1,611038,0.0,0.7,0.8,0.0,0.1714,0.0,0.0,0.5,8,PARTIAL
772,772|54390|2025-11-25|2025-12-01|772-54390-20251125|Allocation Report - SE4 BLACK (PINK) FRIDAY,54390,0.0,0.7,0.8,0.0,0.1,0.0,0.0,0.5,8,PARTIAL
772,772|62578|2026-04-23|2026-05-06|772-62578-20260423|Allocation Report - WK43&44 HEALTH & BEAUTY OFFERS,62578,0.0,0.7,0.8,0.0,0.1,0.0,0.0,0.5,8,PARTIAL
772,772|22656|2026-03-05|2026-03-18|772-22656-20260305|Allocation Report - OP21 FEMALE FOUNDERS,22656,0.0,0.7,1.0,0.0,0.1,0.0,0.0,0.5,8,PARTIAL
772,772|192008|2026-02-05|2026-02-18|772-192008-20260205|Allocation Report - WK32&33 BEAUTY BOX,192008,0.0,0.7,0.8,0.0,0.1,0.0,0.0,0.5,8,PARTIAL
772,772|64543|2025-12-11|2025-12-24|772-64543-20251211|Allocation Report - WK24&25 XMAS PT4 MAJOR VITAMINS,64543,0.0,0.7,0.8,0.0,0.1,0.0,0.0,0.5,8,PARTIAL
772,772|68444|2025-11-25|2025-12-01|772-68444-20251125|Allocation Report - SE4 BLACK (PINK) FRIDAY,68444,0.0,0.7,0.8,0.0,0.1714,0.0,0.0,0.5,8,PARTIAL
772,772|40144|2025-11-25|2025-12-01|772-40144-20251125|Allocation Report - SE4 BLACK (PINK) FRIDAY,40144,0.0,0.7,0.8,0.0,0.1,0.0,0.0,0.5,8,PARTIAL
772,772|25298|2026-03-19|2026-03-25|772-25298-20260319|Allocation Report - SE08 MAKE UP CATEGORY SALES EVENT,25298,0.0,0.7,0.8,0.0,0.1,0.0,0.0,0.5,8,PARTIAL
772,772|98013|2026-04-23|2026-05-06|772-98013-20260423|Allocation Report - WK43&44 HEALTH & BEAUTY OFFERS,98013,0.0,0.7,0.8,0.0,0.1714,0.0,0.0,0.5,8,PARTIAL
772,772|198774|2026-02-05|2026-02-18|772-198774-20260205|Allocation Report - WK32&33 BEAUTY BOX,198774,0.0,0.7,0.8,0.0,0.1,0.0,0.0,0.5,8,PARTIAL
772,772|101099|2026-02-05|2026-02-18|772-101099-20260205|Allocation Report - WK32&33 BEAUTY BOX,101099,0.0,0.7,0.8,0.0,0.1357,0.0,0.0,0.5,8,PARTIAL
772,772|66096|2026-04-23|2026-05-06|772-66096-20260423|Allocation Report - WK43&44 HEALTH & BEAUTY OFFERS,66096,0.0,0.7,1.0,0.0,0.1,0.0,0.0,0.5,8,PARTIAL
772,772|50456|2025-12-11|2025-12-24|772-50456-20251211|Allocation Report - WK24&25 XMAS PT4 MAJOR VITAMINS,50456,0.0,0.7,0.8,0.0,0.1357,0.0,0.0,0.5,8,PARTIAL
772,772|233102|2025-11-25|2025-12-01|772-233102-20251125|Allocation Report - SE4 BLACK (PINK) FRIDAY,233102,0.0,0.7,0.8,0.0,0.1,0.0,0.0,0.5,8,PARTIAL
772,772|49087|2025-12-11|2025-12-24|772-49087-20251211|Allocation Report - WK24&25 XMAS PT4 MAJOR VITAMINS,49087,0.0,0.7,1.0,0.0,0.1,0.0,0.0,0.5,8,PARTIAL
772,772|193506|2025-12-11|2025-12-24|772-193506-20251211|Allocation Report - WK24&25 XMAS PT4 MAJOR VITAMINS,193506,0.0,0.7,0.8,0.0,0.1,0.0,0.0,0.5,8,PARTIAL
772,772|199844|2025-11-25|2025-12-01|772-199844-20251125|Allocation Report - SE4 BLACK (PINK) FRIDAY,199844,0.0,0.7,0.8,0.0,0.1714,0.0,0.0,0.5,8,PARTIAL
772,772|39685|2026-03-26|2026-04-08|772-39685-20260326|Allocation Report - WK39&40 AUTUMN PART 3 MAJOR VITAMIN,39685,0.0,0.7,0.8,0.0,0.1,0.0,0.0,0.5,8,PARTIAL
772,772|90435|2025-12-02|2025-12-10|772-90435-20251202|Allocation Report - WK23 CHRISTMAS PART 3,90435,0.0,0.7,1.0,0.0,0.1556,0.0,0.0,0.5,8,PARTIAL
772,772|372102|2025-12-02|2025-12-10|772-372102-20251202|Allocation Report - WK23 CHRISTMAS PART 3,372102,0.0,0.7,1.0,0.0,0.1,0.0,0.0,0.5,8,PARTIAL
772,772|193928|2025-11-25|2025-12-01|772-193928-20251125|Allocation Report - SE4 BLACK (PINK) FRIDAY,193928,0.0,0.7,0.8,0.0,0.2429,0.0,0.0,0.5,8,PARTIAL
772,772|60800|2026-02-05|2026-02-18|772-60800-20260205|Allocation Report - WK32&33 BEAUTY BOX,60800,0.0,0.7,0.8,0.0,0.1,0.0,0.0,0.5,8,PARTIAL
772,772|492058|2026-03-26|2026-04-08|772-492058-20260326|Allocation Report - WK39&40 AUTUMN PART 3 MAJOR VITAMIN,492058,0.0,0.7,0.8,0.0,0.1,0.0,0.0,0.5,8,PARTIAL
772,772|782327|2026-02-19|2026-03-04|772-782327-20260219|Allocation Report - WK34&35 AUTUMN PART 1,782327,0.0,0.7,0.8,0.0,0.1714,0.0,0.0,0.5,8,PARTIAL
772,772|192760|2026-02-05|2026-02-18|772-192760-20260205|Allocation Report - WK32&33 BEAUTY BOX,192760,0.0,0.7,0.8,0.0,0.2786,1.0,0.0,0.5,8,PARTIAL
772,772|102282|2026-01-22|2026-02-04|772-102282-20260122|Allocation Report - WK30&31 HAIRCARE GOODY BAG,102282,0.0,0.7,0.8,0.0,0.1714,0.0,0.0,0.5,8,PARTIAL
772,772|190087|2025-12-25|2026-01-14|772-190087-20251225|Allocation Report - WK26-28 NEW YEAR NEW YOU,190087,0.0,0.7,1.0,0.0,0.1,0.0,0.0,0.5,8,PARTIAL
772,772|87597|2026-03-26|2026-04-08|772-87597-20260326|Allocation Report - WK39&40 AUTUMN PART 3 MAJOR VITAMIN,87597,0.0,0.7,0.8,0.0,0.1,0.0,0.0,0.5,8,PARTIAL
772,772|107215|2026-03-19|2026-03-25|772-107215-20260319|Allocation Report - SE08 MAKE UP CATEGORY SALES EVENT,107215,0.0,0.7,0.8,0.0,0.1,0.0,0.0,0.5,8,PARTIAL
772,772|94009|2025-12-11|2025-12-24|772-94009-20251211|Allocation Report - WK24&25 XMAS PT4 MAJOR VITAMINS,94009,0.0,0.7,0.8,0.0,0.1357,0.0,0.0,0.5,8,PARTIAL
772,772|93457|2026-01-22|2026-02-04|772-93457-20260122|Allocation Report - WK30&31 HAIRCARE GOODY BAG,93457,0.0,0.7,0.8,0.0,0.1,0.0,0.0,0.5,8,PARTIAL
772,772|194147|2025-11-25|2025-12-01|772-194147-20251125|Allocation Report - SE4 BLACK (PINK) FRIDAY,194147,0.0,0.7,0.8,0.0,0.1,0.0,0.0,0.5,8,PARTIAL
772,772|416917|2026-01-15|2026-01-21|772-416917-20260115|Allocation Report - SE6 SKINCARE CATEGORY SALES EVENT,416917,0.0,0.7,0.8,0.0,0.1714,0.0,0.0,0.5,8,PARTIAL
772,772|195946|2025-11-25|2025-12-01|772-195946-20251125|Allocation Report - SE4 BLACK (PINK) FRIDAY,195946,0.0,0.7,0.8,0.0,0.1,0.0,0.0,0.5,8,PARTIAL
772,772|30538|2025-11-25|2025-12-01|772-30538-20251125|Allocation Report - SE4 BLACK (PINK) FRIDAY,30538,0.0,0.7,0.8,0.0,0.3143,0.0,0.0,0.5,8,PARTIAL
772,772|61127|2026-01-15|2026-01-21|772-61127-20260115|Allocation Report - SE6 SKINCARE CATEGORY SALES EVENT,61127,0.0,0.7,0.8,0.0,0.1,0.0,0.0,0.5,8,PARTIAL
772,772|188397|2026-03-26|2026-04-08|772-188397-20260326|Allocation Report - WK39&40 AUTUMN PART 3 MAJOR VITAMIN,188397,0.0,0.7,0.8,0.0,0.1,0.0,0.0,0.5,8,PARTIAL
772,772|46216|2026-03-05|2026-03-18|772-46216-20260305|Allocation Report - OP21 FEMALE FOUNDERS,46216,0.0,0.7,0.8,0.0,0.1714,0.0,0.0,0.5,8,PARTIAL
772,772|186786|2025-12-11|2025-12-24|772-186786-20251211|Allocation Report - WK24&25 XMAS PT4 MAJOR VITAMINS,186786,0.0,0.7,0.8,0.0,0.1,0.0,0.0,0.5,8,PARTIAL
772,772|66919|2025-12-01|2025-12-13|772-66919-20251201|Allocation Report - OP15 12 DAYS OF CHRISTMAS,66919,0.0,0.7,0.8,0.0,0.1,0.0,0.0,0.5,8,PARTIAL
772,772|198626|2025-12-11|2025-12-24|772-198626-20251211|Allocation Report - WK24&25 XMAS PT4 MAJOR VITAMINS,198626,0.0,0.7,1.0,0.0,0.1357,0.0,0.0,0.5,8,PARTIAL
772,772|298522|2026-04-09|2026-04-22|772-298522-20260409|Allocation Report - WK41&42 SKINCARE GOODY BAG,298522,0.0,0.7,1.0,0.0,0.1714,0.0,0.0,0.5,8,PARTIAL
772,772|88241|2025-11-13|2025-11-26|772-88241-20251113|Allocation Report - WK20&21 XMAS PART 2 SKIN GOODY BAG,88241,0.0,0.7,0.8,0.0,0.2071,0.0,0.0,0.5,8,PARTIAL
772,772|198678|2025-11-25|2025-12-01|772-198678-20251125|Allocation Report - SE4 BLACK (PINK) FRIDAY,198678,0.0,0.7,0.8,0.0,0.1,0.0,0.0,0.5,8,PARTIAL
772,772|67911|2026-01-15|2026-01-21|772-67911-20260115|Allocation Report - SE6 SKINCARE CATEGORY SALES EVENT,67911,0.0,0.7,0.8,0.0,0.1,0.0,0.0,0.5,8,PARTIAL
772,772|91037|2026-02-05|2026-02-18|772-91037-20260205|Allocation Report - WK32&33 BEAUTY BOX,91037,0.0,0.7,0.8,0.0,0.1,0.0,0.0,0.5,8,PARTIAL
772,772|746|2026-03-19|2026-03-25|772-746-20260319|Allocation Report - SE08 MAKE UP CATEGORY SALES EVENT,746,0.0,0.7,0.8,0.0,0.1714,0.0,0.0,0.5,8,PARTIAL
772,772|88440|2026-03-26|2026-04-08|772-88440-20260326|Allocation Report - WK39&40 AUTUMN PART 3 MAJOR VITAMIN,88440,0.0,0.7,0.8,0.0,0.1,0.0,0.0,0.5,8,PARTIAL
772,772|197520|2026-01-22|2026-02-04|772-197520-20260122|Allocation Report - WK30&31 HAIRCARE GOODY BAG,197520,0.0,0.7,0.8,0.0,0.1714,0.0,0.0,0.5,8,PARTIAL
772,772|612531|2025-11-25|2025-12-01|772-612531-20251125|Allocation Report - SE4 BLACK (PINK) FRIDAY,612531,0.0,0.7,0.8,0.0,0.3143,0.0,0.0,0.5,8,PARTIAL
772,772|62573|2026-04-09|2026-04-22|772-62573-20260409|Allocation Report - WK41&42 SKINCARE GOODY BAG,62573,0.0,0.7,0.8,0.0,0.1357,0.0,0.0,0.5,8,PARTIAL
772,772|191879|2025-11-13|2025-11-26|772-191879-20251113|Allocation Report - WK20&21 XMAS PART 2 SKIN GOODY BAG,191879,0.0,0.7,0.8,0.0,0.1357,0.0,0.0,0.5,8,PARTIAL
772,772|293237|2026-04-23|2026-05-06|772-293237-20260423|Allocation Report - WK43&44 HEALTH & BEAUTY OFFERS,293237,0.0,0.7,0.8,0.0,0.1,0.0,0.0,0.5,8,PARTIAL
772,772|61392|2026-03-05|2026-03-18|772-61392-20260305|Allocation Report - OP21 FEMALE FOUNDERS,61392,0.0,0.7,0.8,0.0,0.1357,0.0,0.0,0.5,8,PARTIAL
772,772|96626|2026-02-19|2026-03-04|772-96626-20260219|Allocation Report - WK34&35 AUTUMN PART 1,96626,0.0,0.7,0.8,0.0,0.1,0.0,0.0,0.5,8,PARTIAL
772,772|90900|2025-12-11|2025-12-24|772-90900-20251211|Allocation Report - WK24&25 XMAS PT4 MAJOR VITAMINS,90900,0.0,0.7,1.0,0.0,0.1,0.0,0.0,0.5,8,PARTIAL
772,772|65835|2026-03-26|2026-04-08|772-65835-20260326|Allocation Report - WK39&40 AUTUMN PART 3 MAJOR VITAMIN,65835,0.0,0.7,0.8,0.0,0.1,0.0,0.0,0.5,8,PARTIAL
772,772|70391|2026-01-22|2026-02-04|772-70391-20260122|Allocation Report - WK30&31 HAIRCARE GOODY BAG,70391,0.0,0.7,0.8,0.0,0.1,0.0,0.0,0.5,8,PARTIAL
772,772|63908|2026-01-22|2026-02-04|772-63908-20260122|Allocation Report - WK30&31 HAIRCARE GOODY BAG,63908,0.0,0.7,0.8,0.0,0.1,0.0,0.0,0.5,8,PARTIAL
772,772|193298|2025-12-25|2026-01-14|772-193298-20251225|Allocation Report - WK26-28 NEW YEAR NEW YOU,193298,0.0,0.7,0.8,0.0,0.1714,0.0,0.0,0.5,8,PARTIAL
772,772|52122|2025-11-13|2025-11-26|772-52122-20251113|Allocation Report - WK20&21 XMAS PART 2 SKIN GOODY BAG,52122,0.0,0.7,0.8,0.0,0.1,0.0,0.0,0.5,8,PARTIAL
772,772|188297|2026-04-23|2026-05-06|772-188297-20260423|Allocation Report - WK43&44 HEALTH & BEAUTY OFFERS,188297,0.0,0.7,0.8,0.0,0.1,0.0,0.0,0.5,8,PARTIAL
772,772|38711|2026-03-19|2026-03-25|772-38711-20260319|Allocation Report - SE08 MAKE UP CATEGORY SALES EVENT,38711,0.0,0.7,0.8,0.0,0.1,0.0,0.0,0.5,8,PARTIAL
772,772|310743|2025-12-11|2025-12-24|772-310743-20251211|Allocation Report - WK24&25 XMAS PT4 MAJOR VITAMINS,310743,0.0,0.7,0.8,0.0,0.1,0.0,0.0,0.5,8,PARTIAL
772,772|192731|2026-01-15|2026-01-21|772-192731-20260115|Allocation Report - SE6 SKINCARE CATEGORY SALES EVENT,192731,0.0,0.7,0.8,0.0,0.1,0.0,0.0,0.5,8,PARTIAL
772,772|57986|2026-03-05|2026-03-18|772-57986-20260305|Allocation Report - OP21 FEMALE FOUNDERS,57986,0.0,0.7,0.8,0.0,0.1,0.0,0.0,0.5,8,PARTIAL
772,772|29824|2026-02-19|2026-03-04|772-29824-20260219|Allocation Report - WK34&35 AUTUMN PART 1,29824,0.0,0.7,0.8,0.0,0.1357,0.0,0.0,0.5,8,PARTIAL
772,772|74131|2026-03-05|2026-03-18|772-74131-20260305|Allocation Report - OP21 FEMALE FOUNDERS,74131,0.0,0.7,1.0,0.0,0.1,0.0,0.0,0.5,8,PARTIAL
772,772|10195|2026-02-05|2026-02-18|772-10195-20260205|Allocation Report - WK32&33 BEAUTY BOX,10195,0.0,0.7,0.8,0.0,0.1714,1.0,0.0,0.5,8,PARTIAL
772,772|97998|2026-04-23|2026-05-06|772-97998-20260423|Allocation Report - WK43&44 HEALTH & BEAUTY OFFERS,97998,0.0,0.7,0.8,0.0,0.1,0.0,0.0,0.5,8,PARTIAL
772,772|88629|2025-12-01|2025-12-13|772-88629-20251201|Allocation Report - OP15 12 DAYS OF CHRISTMAS,88629,0.0,0.7,0.8,0.0,0.1385,0.0,0.0,0.5,8,PARTIAL
772,772|341140|2026-02-05|2026-02-18|772-341140-20260205|Allocation Report - WK32&33 BEAUTY BOX,341140,0.0,0.7,0.8,0.0,0.2429,0.0,0.0,0.5,8,PARTIAL
772,772|21078|2026-04-23|2026-05-06|772-21078-20260423|Allocation Report - WK43&44 HEALTH & BEAUTY OFFERS,21078,0.0,0.7,0.8,0.0,0.1,0.0,0.0,0.5,8,PARTIAL
772,772|277061|2025-11-25|2025-12-01|772-277061-20251125|Allocation Report - SE4 BLACK (PINK) FRIDAY,277061,0.0,0.7,0.8,0.0,0.1,0.0,0.0,0.5,8,PARTIAL
772,772|60843|2026-02-19|2026-03-04|772-60843-20260219|Allocation Report - WK34&35 AUTUMN PART 1,60843,0.0,0.7,0.8,0.0,0.1357,0.0,0.0,0.5,8,PARTIAL
772,772|94477|2026-04-09|2026-04-22|772-94477-20260409|Allocation Report - WK41&42 SKINCARE GOODY BAG,94477,0.0,0.7,1.0,0.0,0.1357,0.0,0.0,0.5,8,PARTIAL
772,772|20223|2026-02-05|2026-02-18|772-20223-20260205|Allocation Report - WK32&33 BEAUTY BOX,20223,0.0,0.7,1.0,0.0,0.1,0.0,0.0,0.5,8,PARTIAL
772,772|90435|2026-02-05|2026-02-18|772-90435-20260205|Allocation Report - WK32&33 BEAUTY BOX,90435,0.0,0.7,1.0,0.0,0.1714,0.0,0.0,0.5,8,PARTIAL
772,772|492817|2025-11-25|2025-12-01|772-492817-20251125|Allocation Report - SE4 BLACK (PINK) FRIDAY,492817,0.0,0.7,0.8,0.0,0.1714,0.0,0.0,0.5,8,PARTIAL
772,772|71580|2026-02-19|2026-03-04|772-71580-20260219|Allocation Report - WK34&35 AUTUMN PART 1,71580,0.0,0.7,0.8,0.0,0.1,0.0,0.0,0.5,8,PARTIAL
772,772|252775|2026-03-26|2026-04-08|772-252775-20260326|Allocation Report - WK39&40 AUTUMN PART 3 MAJOR VITAMIN,252775,0.0,0.7,0.8,0.0,0.1,0.0,0.0,0.5,8,PARTIAL
772,772|86500|2026-03-19|2026-03-25|772-86500-20260319|Allocation Report - SE08 MAKE UP CATEGORY SALES EVENT,86500,0.0,0.7,0.8,0.0,0.2429,0.0,0.0,0.5,8,PARTIAL
772,772|94496|2026-02-05|2026-02-18|772-94496-20260205|Allocation Report - WK32&33 BEAUTY BOX,94496,0.0,0.7,0.8,0.0,0.1,0.0,0.0,0.5,8,PARTIAL
772,772|433306|2026-03-05|2026-03-18|772-433306-20260305|Allocation Report - OP21 FEMALE FOUNDERS,433306,0.0,0.7,0.8,0.0,0.1,0.0,0.0,0.5,8,PARTIAL
772,772|192487|2025-11-25|2025-12-01|772-192487-20251125|Allocation Report - SE4 BLACK (PINK) FRIDAY,192487,0.0,0.7,1.0,0.0,0.1,0.0,0.0,0.5,8,PARTIAL
772,772|195117|2025-12-11|2025-12-24|772-195117-20251211|Allocation Report - WK24&25 XMAS PT4 MAJOR VITAMINS,195117,0.0,0.7,0.8,0.0,0.1357,0.0,0.0,0.5,8,PARTIAL
772,772|72838|2026-03-26|2026-04-08|772-72838-20260326|Allocation Report - WK39&40 AUTUMN PART 3 MAJOR VITAMIN,72838,0.0,0.7,0.8,0.0,0.1,0.0,0.0,0.5,8,PARTIAL
772,772|186375|2026-02-19|2026-03-04|772-186375-20260219|Allocation Report - WK34&35 AUTUMN PART 1,186375,0.0,0.7,0.8,0.0,0.1,0.0,0.0,0.5,8,PARTIAL
772,772|90437|2026-04-23|2026-05-06|772-90437-20260423|Allocation Report - WK43&44 HEALTH & BEAUTY OFFERS,90437,0.0,0.7,0.8,0.0,0.1357,0.0,0.0,0.5,8,PARTIAL
772,772|192935|2026-04-23|2026-05-06|772-192935-20260423|Allocation Report - WK43&44 HEALTH & BEAUTY OFFERS,192935,0.0,0.7,0.8,0.0,0.1,0.0,0.0,0.5,8,PARTIAL
772,772|195285|2026-03-05|2026-03-18|772-195285-20260305|Allocation Report - OP21 FEMALE FOUNDERS,195285,0.0,0.7,0.8,0.0,0.1,0.0,0.0,0.5,8,PARTIAL
772,772|58660|2026-02-19|2026-03-04|772-58660-20260219|Allocation Report - WK34&35 AUTUMN PART 1,58660,0.0,0.7,0.8,0.0,0.1,0.0,0.0,0.5,8,PARTIAL
772,772|69757|2026-04-09|2026-04-22|772-69757-20260409|Allocation Report - WK41&42 SKINCARE GOODY BAG,69757,0.0,0.7,0.8,0.0,0.2429,0.0,0.0,0.5,8,PARTIAL
772,772|319910|2025-12-25|2026-01-14|772-319910-20251225|Allocation Report - WK26-28 NEW YEAR NEW YOU,319910,0.0,0.7,0.8,0.0,0.1238,0.0,0.0,0.5,8,PARTIAL
772,772|91564|2026-04-09|2026-04-22|772-91564-20260409|Allocation Report - WK41&42 SKINCARE GOODY BAG,91564,0.0,0.7,0.8,0.0,0.1,0.0,0.0,0.5,8,PARTIAL
772,772|90109|2026-02-05|2026-02-18|772-90109-20260205|Allocation Report - WK32&33 BEAUTY BOX,90109,0.0,0.7,0.8,0.0,0.1714,0.0,0.0,0.5,8,PARTIAL
772,772|349993|2026-02-05|2026-02-18|772-349993-20260205|Allocation Report - WK32&33 BEAUTY BOX,349993,0.0,0.7,0.8,0.0,0.1,0.0,0.0,0.5,8,PARTIAL
772,772|192961|2025-11-25|2025-12-01|772-192961-20251125|Allocation Report - SE4 BLACK (PINK) FRIDAY,192961,0.0,0.7,0.8,0.0,0.1,0.0,0.0,0.5,8,PARTIAL
772,772|26802|2026-01-22|2026-02-04|772-26802-20260122|Allocation Report - WK30&31 HAIRCARE GOODY BAG,26802,0.0,0.7,1.0,0.0,0.1,0.0,0.0,0.5,8,PARTIAL
772,772|195758|2025-12-02|2025-12-10|772-195758-20251202|Allocation Report - WK23 CHRISTMAS PART 3,195758,0.0,0.7,0.8,0.0,0.1,0.0,0.0,0.5,8,PARTIAL
772,772|688223|2026-04-23|2026-05-06|772-688223-20260423|Allocation Report - WK43&44 HEALTH & BEAUTY OFFERS,688223,0.0,0.7,0.8,0.0,0.35,0.0,0.0,0.5,8,PARTIAL
772,772|198700|2026-01-22|2026-02-04|772-198700-20260122|Allocation Report - WK30&31 HAIRCARE GOODY BAG,198700,0.0,0.7,0.8,0.0,0.1,0.0,0.0,0.5,8,PARTIAL
772,772|186283|2025-12-11|2025-12-24|772-186283-20251211|Allocation Report - WK24&25 XMAS PT4 MAJOR VITAMINS,186283,0.0,0.7,1.0,0.0,0.1,0.0,0.0,0.5,8,PARTIAL
772,772|12010|2025-11-13|2025-11-26|772-12010-20251113|Allocation Report - WK20&21 XMAS PART 2 SKIN GOODY BAG,12010,0.0,0.7,0.8,0.0,0.2071,0.0,0.0,0.5,8,PARTIAL
772,772|196325|2026-01-22|2026-02-04|772-196325-20260122|Allocation Report - WK30&31 HAIRCARE GOODY BAG,196325,0.0,0.7,0.8,0.0,0.1357,0.0,0.0,0.5,8,PARTIAL
772,772|91172|2025-11-25|2025-12-01|772-91172-20251125|Allocation Report - SE4 BLACK (PINK) FRIDAY,91172,0.0,0.7,0.8,0.0,0.1,0.0,0.0,0.5,8,PARTIAL
772,772|55649|2026-02-05|2026-02-18|772-55649-20260205|Allocation Report - WK32&33 BEAUTY BOX,55649,0.0,0.7,0.8,0.0,0.1,0.0,0.0,0.5,8,PARTIAL
772,772|58978|2025-12-11|2025-12-24|772-58978-20251211|Allocation Report - WK24&25 XMAS PT4 MAJOR VITAMINS,58978,0.0,0.7,0.8,0.0,0.2071,0.0,0.0,0.5,8,PARTIAL
772,772|67025|2025-12-11|2025-12-24|772-67025-20251211|Allocation Report - WK24&25 XMAS PT4 MAJOR VITAMINS,67025,0.0,0.7,0.8,0.0,0.35,0.0,0.0,0.5,8,PARTIAL
772,772|90299|2025-12-25|2026-01-14|772-90299-20251225|Allocation Report - WK26-28 NEW YEAR NEW YOU,90299,0.0,0.7,0.8,0.0,0.1,0.0,0.0,0.5,8,PARTIAL
772,772|190706|2025-11-13|2025-11-26|772-190706-20251113|Allocation Report - WK20&21 XMAS PART 2 SKIN GOODY BAG,190706,0.0,0.7,1.0,0.0,0.1,0.0,0.0,0.5,8,PARTIAL
772,772|38470|2026-03-19|2026-03-25|772-38470-20260319|Allocation Report - SE08 MAKE UP CATEGORY SALES EVENT,38470,0.0,0.7,0.8,0.0,0.1,0.0,0.0,0.5,8,PARTIAL
772,772|34281|2026-02-05|2026-02-18|772-34281-20260205|Allocation Report - WK32&33 BEAUTY BOX,34281,0.0,0.7,0.8,0.0,0.1357,0.0,0.0,0.5,8,PARTIAL
772,772|93563|2026-03-19|2026-03-25|772-93563-20260319|Allocation Report - SE08 MAKE UP CATEGORY SALES EVENT,93563,0.0,0.7,0.8,0.0,0.1,0.0,0.0,0.5,8,PARTIAL
772,772|94245|2025-12-25|2026-01-14|772-94245-20251225|Allocation Report - WK26-28 NEW YEAR NEW YOU,94245,0.0,0.7,0.8,0.0,0.1,0.0,0.0,0.5,8,PARTIAL
772,772|95824|2026-01-22|2026-02-04|772-95824-20260122|Allocation Report - WK30&31 HAIRCARE GOODY BAG,95824,0.0,0.7,0.8,0.0,0.35,0.0,0.0,0.5,8,PARTIAL
772,772|54482|2026-03-26|2026-04-08|772-54482-20260326|Allocation Report - WK39&40 AUTUMN PART 3 MAJOR VITAMIN,54482,0.0,0.7,0.8,0.0,0.1,0.0,0.0,0.5,8,PARTIAL
772,772|237477|2026-01-22|2026-02-04|772-237477-20260122|Allocation Report - WK30&31 HAIRCARE GOODY BAG,237477,0.0,0.7,0.8,0.0,0.1,0.0,0.0,0.5,8,PARTIAL
772,772|94194|2025-11-13|2025-11-26|772-94194-20251113|Allocation Report - WK20&21 XMAS PART 2 SKIN GOODY BAG,94194,0.0,0.7,0.8,0.0,0.1,0.0,0.0,0.5,8,PARTIAL
772,772|48827|2026-01-15|2026-01-21|772-48827-20260115|Allocation Report - SE6 SKINCARE CATEGORY SALES EVENT,48827,0.0,0.7,0.8,0.0,0.1,0.0,0.0,0.5,8,PARTIAL
772,772|88671|2025-11-25|2025-12-01|772-88671-20251125|Allocation Report - SE4 BLACK (PINK) FRIDAY,88671,0.0,0.7,0.8,0.0,0.1,0.0,0.0,0.5,8,PARTIAL
772,772|33440|2026-01-22|2026-02-04|772-33440-20260122|Allocation Report - WK30&31 HAIRCARE GOODY BAG,33440,0.0,0.7,0.8,0.0,0.1714,0.0,0.0,0.5,8,PARTIAL
772,772|57315|2026-02-19|2026-03-04|772-57315-20260219|Allocation Report - WK34&35 AUTUMN PART 1,57315,0.0,0.7,0.8,0.0,0.1,0.0,0.0,0.5,8,PARTIAL
772,772|188848|2026-04-09|2026-04-22|772-188848-20260409|Allocation Report - WK41&42 SKINCARE GOODY BAG,188848,0.0,0.7,0.8,0.0,0.2071,0.0,0.0,0.5,8,PARTIAL
772,772|199328|2025-11-25|2025-12-01|772-199328-20251125|Allocation Report - SE4 BLACK (PINK) FRIDAY,199328,0.0,0.7,0.8,0.0,0.1,0.0,0.0,0.5,8,PARTIAL
772,772|96230|2026-03-19|2026-03-25|772-96230-20260319|Allocation Report - SE08 MAKE UP CATEGORY SALES EVENT,96230,0.0,0.7,0.8,0.0,0.1,0.0,0.0,0.5,8,PARTIAL
772,772|41319|2025-12-25|2026-01-14|772-41319-20251225|Allocation Report - WK26-28 NEW YEAR NEW YOU,41319,0.0,0.7,0.8,0.0,0.2905,0.0,0.0,0.5,8,PARTIAL
772,772|95636|2026-03-05|2026-03-18|772-95636-20260305|Allocation Report - OP21 FEMALE FOUNDERS,95636,0.0,0.7,0.8,0.0,0.1714,0.0,0.0,0.5,8,PARTIAL
772,772|312061|2025-12-11|2025-12-24|772-312061-20251211|Allocation Report - WK24&25 XMAS PT4 MAJOR VITAMINS,312061,0.0,0.7,0.8,0.0,0.2429,0.0,0.0,0.5,8,PARTIAL
772,772|504092|2026-02-05|2026-02-18|772-504092-20260205|Allocation Report - WK32&33 BEAUTY BOX,504092,0.0,0.7,0.8,0.0,0.1,0.0,0.0,0.5,8,PARTIAL
772,772|90169|2026-01-22|2026-02-04|772-90169-20260122|Allocation Report - WK30&31 HAIRCARE GOODY BAG,90169,0.0,0.7,0.8,0.0,0.1,0.0,0.0,0.5,8,PARTIAL
772,772|49701|2026-04-09|2026-04-22|772-49701-20260409|Allocation Report - WK41&42 SKINCARE GOODY BAG,49701,0.0,0.7,0.8,0.0,0.1,0.0,0.0,0.5,8,PARTIAL
772,772|88906|2025-11-25|2025-12-01|772-88906-20251125|Allocation Report - SE4 BLACK (PINK) FRIDAY,88906,0.0,0.7,0.8,0.0,0.1714,0.0,0.0,0.5,8,PARTIAL
772,772|188745|2025-11-25|2025-12-01|772-188745-20251125|Allocation Report - SE4 BLACK (PINK) FRIDAY,188745,0.0,0.7,0.8,0.0,0.2429,0.0,0.0,0.5,8,PARTIAL
772,772|198697|2026-03-19|2026-03-25|772-198697-20260319|Allocation Report - SE08 MAKE UP CATEGORY SALES EVENT,198697,0.0,0.7,1.0,0.0,0.2429,0.0,0.0,0.5,8,PARTIAL
772,772|259489|2026-04-23|2026-05-06|772-259489-20260423|Allocation Report - WK43&44 HEALTH & BEAUTY OFFERS,259489,0.0,0.7,1.0,0.0,0.1,0.0,0.0,0.5,8,PARTIAL
772,772|96506|2026-02-05|2026-02-18|772-96506-20260205|Allocation Report - WK32&33 BEAUTY BOX,96506,0.0,0.7,0.8,0.0,0.1,0.0,0.0,0.5,8,PARTIAL
772,772|90167|2025-11-25|2025-12-01|772-90167-20251125|Allocation Report - SE4 BLACK (PINK) FRIDAY,90167,0.0,0.7,0.8,0.0,0.1714,0.0,0.0,0.5,8,PARTIAL
772,772|726077|2025-12-11|2025-12-24|772-726077-20251211|Allocation Report - WK24&25 XMAS PT4 MAJOR VITAMINS,726077,0.0,0.7,0.8,0.0,0.1714,0.0,0.0,0.5,8,PARTIAL
772,772|90347|2026-02-19|2026-03-04|772-90347-20260219|Allocation Report - WK34&35 AUTUMN PART 1,90347,0.0,0.7,0.8,0.0,0.1,0.0,0.0,0.5,8,PARTIAL
772,772|190145|2026-02-19|2026-03-04|772-190145-20260219|Allocation Report - WK34&35 AUTUMN PART 1,190145,0.0,0.7,0.8,0.0,0.1,0.0,0.0,0.5,8,PARTIAL
772,772|93515|2026-02-19|2026-03-04|772-93515-20260219|Allocation Report - WK34&35 AUTUMN PART 1,93515,0.0,0.7,0.8,0.0,0.1,0.0,0.0,0.5,8,PARTIAL
772,772|190291|2026-04-23|2026-05-06|772-190291-20260423|Allocation Report - WK43&44 HEALTH & BEAUTY OFFERS,190291,0.0,0.7,0.8,0.0,0.1714,0.0,0.0,0.5,8,PARTIAL
772,772|518811|2025-11-25|2025-12-01|772-518811-20251125|Allocation Report - SE4 BLACK (PINK) FRIDAY,518811,0.0,0.7,1.0,0.0,0.1,0.0,0.0,0.5,8,PARTIAL
772,772|59256|2026-03-19|2026-03-25|772-59256-20260319|Allocation Report - SE08 MAKE UP CATEGORY SALES EVENT,59256,0.0,0.7,0.8,0.0,0.1714,0.0,0.0,0.5,8,PARTIAL
772,772|192152|2025-12-11|2025-12-24|772-192152-20251211|Allocation Report - WK24&25 XMAS PT4 MAJOR VITAMINS,192152,0.0,0.7,0.8,0.0,0.1,0.0,0.0,0.5,8,PARTIAL
772,772|610055|2025-12-11|2025-12-24|772-610055-20251211|Allocation Report - WK24&25 XMAS PT4 MAJOR VITAMINS,610055,0.0,0.7,0.8,0.0,0.8143,0.0,0.0,0.5,8,PARTIAL
772,772|386359|2026-03-05|2026-03-18|772-386359-20260305|Allocation Report - OP21 FEMALE FOUNDERS,386359,0.0,0.7,0.8,0.0,0.1,0.0,0.0,0.5,8,PARTIAL
772,772|53436|2026-03-19|2026-03-25|772-53436-20260319|Allocation Report - SE08 MAKE UP CATEGORY SALES EVENT,53436,0.0,0.7,0.8,0.0,0.2429,0.0,0.0,0.5,8,PARTIAL
772,772|56035|2026-03-05|2026-03-18|772-56035-20260305|Allocation Report - OP21 FEMALE FOUNDERS,56035,0.0,0.7,0.8,0.0,0.1,0.0,0.0,0.5,8,PARTIAL
772,772|185291|2026-02-05|2026-02-18|772-185291-20260205|Allocation Report - WK32&33 BEAUTY BOX,185291,0.0,0.7,0.8,0.0,0.2071,0.0,0.0,0.5,8,PARTIAL
772,772|94118|2025-12-01|2025-12-13|772-94118-20251201|Allocation Report - OP15 12 DAYS OF CHRISTMAS,94118,0.0,0.7,0.8,0.0,0.1,0.0,0.0,0.5,8,PARTIAL
772,772|36469|2026-02-19|2026-03-04|772-36469-20260219|Allocation Report - WK34&35 AUTUMN PART 1,36469,0.0,0.7,0.8,0.0,0.1,0.0,0.0,0.5,8,PARTIAL
772,772|96231|2026-03-26|2026-04-08|772-96231-20260326|Allocation Report - WK39&40 AUTUMN PART 3 MAJOR VITAMIN,96231,0.0,0.7,0.8,0.0,0.1,0.0,0.0,0.5,8,PARTIAL
772,772|93520|2026-02-05|2026-02-18|772-93520-20260205|Allocation Report - WK32&33 BEAUTY BOX,93520,0.0,0.7,0.8,0.0,0.2429,0.0,0.0,0.5,8,PARTIAL
772,772|195931|2025-11-13|2025-11-26|772-195931-20251113|Allocation Report - WK20&21 XMAS PART 2 SKIN GOODY BAG,195931,0.0,0.7,0.8,0.0,0.1,0.0,0.0,0.5,8,PARTIAL
772,772|92162|2025-12-25|2026-01-14|772-92162-20251225|Allocation Report - WK26-28 NEW YEAR NEW YOU,92162,0.0,0.7,0.8,0.0,0.1,0.0,0.0,0.5,8,PARTIAL
772,772|47677|2025-12-11|2025-12-24|772-47677-20251211|Allocation Report - WK24&25 XMAS PT4 MAJOR VITAMINS,47677,0.0,0.7,0.8,0.0,0.1,0.0,0.0,0.5,8,PARTIAL
772,772|323608|2025-11-25|2025-12-01|772-323608-20251125|Allocation Report - SE4 BLACK (PINK) FRIDAY,323608,0.0,0.7,0.8,0.0,0.1,0.0,0.0,0.5,8,PARTIAL
772,772|94904|2026-03-19|2026-03-25|772-94904-20260319|Allocation Report - SE08 MAKE UP CATEGORY SALES EVENT,94904,0.0,0.7,0.8,0.0,0.1,0.0,0.0,0.5,8,PARTIAL
772,772|197208|2026-03-05|2026-03-18|772-197208-20260305|Allocation Report - OP21 FEMALE FOUNDERS,197208,0.0,0.7,0.8,0.0,0.1357,0.0,0.0,0.5,8,PARTIAL
772,772|92905|2026-03-05|2026-03-18|772-92905-20260305|Allocation Report - OP21 FEMALE FOUNDERS,92905,0.0,0.7,0.8,0.0,0.1,0.0,0.0,0.5,8,PARTIAL
772,772|197217|2026-02-05|2026-02-18|772-197217-20260205|Allocation Report - WK32&33 BEAUTY BOX,197217,0.0,0.7,0.8,0.0,0.1,0.0,0.0,0.5,8,PARTIAL
772,772|93398|2026-03-05|2026-03-18|772-93398-20260305|Allocation Report - OP21 FEMALE FOUNDERS,93398,0.0,0.7,0.8,0.0,0.1714,0.0,0.0,0.5,8,PARTIAL
772,772|49818|2025-12-11|2025-12-24|772-49818-20251211|Allocation Report - WK24&25 XMAS PT4 MAJOR VITAMINS,49818,0.0,0.7,0.8,0.0,0.1357,0.0,0.0,0.5,8,PARTIAL
772,772|192847|2026-01-15|2026-01-21|772-192847-20260115|Allocation Report - SE6 SKINCARE CATEGORY SALES EVENT,192847,0.0,0.7,0.8,0.0,0.1714,0.0,0.0,0.5,8,PARTIAL
772,772|22907|2026-03-05|2026-03-18|772-22907-20260305|Allocation Report - OP21 FEMALE FOUNDERS,22907,0.0,0.7,0.8,0.0,0.1,0.0,0.0,0.5,8,PARTIAL
772,772|90435|2026-03-26|2026-04-08|772-90435-20260326|Allocation Report - WK39&40 AUTUMN PART 3 MAJOR VITAMIN,90435,0.0,0.7,1.0,0.0,0.1,0.0,0.0,0.5,8,PARTIAL
772,772|94645|2025-12-11|2025-12-24|772-94645-20251211|Allocation Report - WK24&25 XMAS PT4 MAJOR VITAMINS,94645,0.0,0.7,0.8,0.0,0.1714,0.0,0.0,0.5,8,PARTIAL
772,772|75665|2026-01-15|2026-01-21|772-75665-20260115|Allocation Report - SE6 SKINCARE CATEGORY SALES EVENT,75665,0.0,0.7,1.0,0.0,0.1,0.0,0.0,0.5,8,PARTIAL
772,772|92161|2026-02-05|2026-02-18|772-92161-20260205|Allocation Report - WK32&33 BEAUTY BOX,92161,0.0,0.7,1.0,0.0,0.1,0.0,0.0,0.5,8,PARTIAL
772,772|96566|2026-03-19|2026-03-25|772-96566-20260319|Allocation Report - SE08 MAKE UP CATEGORY SALES EVENT,96566,0.0,0.7,1.0,0.0,0.1,0.0,0.0,0.5,8,PARTIAL
772,772|193319|2025-11-25|2025-12-01|772-193319-20251125|Allocation Report - SE4 BLACK (PINK) FRIDAY,193319,0.0,0.7,0.8,0.0,0.1,0.0,0.0,0.5,8,PARTIAL
772,772|199018|2026-01-22|2026-02-04|772-199018-20260122|Allocation Report - WK30&31 HAIRCARE GOODY BAG,199018,0.0,0.7,0.8,0.0,0.1357,0.0,0.0,0.5,8,PARTIAL
772,772|90276|2025-12-02|2025-12-10|772-90276-20251202|Allocation Report - WK23 CHRISTMAS PART 3,90276,0.0,0.7,0.8,0.0,0.1,0.0,0.0,0.5,8,PARTIAL
772,772|192711|2026-04-09|2026-04-22|772-192711-20260409|Allocation Report - WK41&42 SKINCARE GOODY BAG,192711,0.0,0.7,1.0,0.0,0.1,0.0,0.0,0.5,8,PARTIAL
772,772|66247|2026-02-19|2026-03-04|772-66247-20260219|Allocation Report - WK34&35 AUTUMN PART 1,66247,0.0,0.7,0.8,0.0,0.1,0.0,0.0,0.5,8,PARTIAL
772,772|193079|2025-11-13|2025-11-26|772-193079-20251113|Allocation Report - WK20&21 XMAS PART 2 SKIN GOODY BAG,193079,0.0,0.7,0.8,0.0,0.1,0.0,0.0,0.5,8,PARTIAL
772,772|92171|2026-04-23|2026-05-06|772-92171-20260423|Allocation Report - WK43&44 HEALTH & BEAUTY OFFERS,92171,0.0,0.7,0.8,0.0,0.1,0.0,0.0,0.5,8,PARTIAL
772,772|39744|2025-12-25|2026-01-14|772-39744-20251225|Allocation Report - WK26-28 NEW YEAR NEW YOU,39744,0.0,0.7,0.8,0.0,0.1,0.0,0.0,0.5,8,PARTIAL
772,772|94762|2025-12-25|2026-01-14|772-94762-20251225|Allocation Report - WK26-28 NEW YEAR NEW YOU,94762,0.0,0.7,0.8,0.0,0.1,0.0,0.0,0.5,8,PARTIAL
772,772|96389|2026-03-19|2026-03-25|772-96389-20260319|Allocation Report - SE08 MAKE UP CATEGORY SALES EVENT,96389,0.0,0.7,0.8,0.0,0.1,0.0,0.0,0.5,8,PARTIAL
772,772|194072|2026-04-23|2026-05-06|772-194072-20260423|Allocation Report - WK43&44 HEALTH & BEAUTY OFFERS,194072,0.0,0.7,0.8,0.0,0.1,0.0,0.0,0.5,8,PARTIAL
772,772|87431|2026-03-05|2026-03-18|772-87431-20260305|Allocation Report - OP21 FEMALE FOUNDERS,87431,0.0,0.7,0.8,0.0,0.1714,0.0,0.0,0.5,8,PARTIAL
772,772|94048|2025-12-02|2025-12-10|772-94048-20251202|Allocation Report - WK23 CHRISTMAS PART 3,94048,0.0,0.7,0.8,0.0,0.1,0.0,0.0,0.5,8,PARTIAL
772,772|196742|2026-03-26|2026-04-08|772-196742-20260326|Allocation Report - WK39&40 AUTUMN PART 3 MAJOR VITAMIN,196742,0.0,0.7,0.8,0.0,0.1,0.0,0.0,0.5,8,PARTIAL
772,772|95856|2026-04-23|2026-05-06|772-95856-20260423|Allocation Report - WK43&44 HEALTH & BEAUTY OFFERS,95856,0.0,0.7,0.8,0.0,0.1,0.0,0.0,0.5,8,PARTIAL
772,772|191615|2026-03-05|2026-03-18|772-191615-20260305|Allocation Report - OP21 FEMALE FOUNDERS,191615,0.0,0.7,1.0,0.0,0.1,0.0,0.0,0.5,8,PARTIAL
772,772|43839|2025-12-11|2025-12-24|772-43839-20251211|Allocation Report - WK24&25 XMAS PT4 MAJOR VITAMINS,43839,0.0,0.7,0.8,0.0,0.1357,0.0,0.0,0.5,8,PARTIAL
772,772|91233|2026-03-26|2026-04-08|772-91233-20260326|Allocation Report - WK39&40 AUTUMN PART 3 MAJOR VITAMIN,91233,0.0,0.7,1.0,0.0,0.1,0.0,0.0,0.5,8,PARTIAL
772,772|92528|2026-01-22|2026-02-04|772-92528-20260122|Allocation Report - WK30&31 HAIRCARE GOODY BAG,92528,0.0,0.7,0.8,0.0,0.1,0.0,0.0,0.5,8,PARTIAL
772,772|5845|2026-04-23|2026-05-06|772-5845-20260423|Allocation Report - WK43&44 HEALTH & BEAUTY OFFERS,5845,0.0,0.7,0.8,0.0,0.1357,0.0,0.0,0.5,8,PARTIAL
772,772|90461|2026-01-22|2026-02-04|772-90461-20260122|Allocation Report - WK30&31 HAIRCARE GOODY BAG,90461,0.0,0.7,0.8,0.0,0.1,0.0,0.0,0.5,8,PARTIAL
772,772|62912|2025-11-25|2025-12-01|772-62912-20251125|Allocation Report - SE4 BLACK (PINK) FRIDAY,62912,0.0,0.7,0.8,0.0,0.1,0.0,0.0,0.5,8,PARTIAL
772,772|189901|2026-03-05|2026-03-18|772-189901-20260305|Allocation Report - OP21 FEMALE FOUNDERS,189901,0.0,0.7,0.8,0.0,0.1,0.0,0.0,0.5,8,PARTIAL
772,772|90427|2025-12-02|2025-12-10|772-90427-20251202|Allocation Report - WK23 CHRISTMAS PART 3,90427,0.0,0.7,0.8,0.0,0.1,0.0,0.0,0.5,8,PARTIAL
772,772|88120|2026-03-26|2026-04-08|772-88120-20260326|Allocation Report - WK39&40 AUTUMN PART 3 MAJOR VITAMIN,88120,0.0,0.7,0.8,0.0,0.1,0.0,0.0,0.5,8,PARTIAL
772,772|91134|2026-03-05|2026-03-18|772-91134-20260305|Allocation Report - OP21 FEMALE FOUNDERS,91134,0.0,0.7,0.8,0.0,0.1714,0.0,0.0,0.5,8,PARTIAL
772,772|91149|2025-12-02|2025-12-10|772-91149-20251202|Allocation Report - WK23 CHRISTMAS PART 3,91149,0.0,0.7,0.8,0.0,0.1556,1.0,0.0,0.5,8,PARTIAL
772,772|199008|2025-12-02|2025-12-10|772-199008-20251202|Allocation Report - WK23 CHRISTMAS PART 3,199008,0.0,0.7,0.8,0.0,0.1,0.0,0.0,0.5,8,PARTIAL
772,772|195386|2025-11-25|2025-12-01|772-195386-20251125|Allocation Report - SE4 BLACK (PINK) FRIDAY,195386,0.0,0.7,0.8,0.0,0.1,0.0,0.0,0.5,8,PARTIAL
772,772|91883|2026-04-23|2026-05-06|772-91883-20260423|Allocation Report - WK43&44 HEALTH & BEAUTY OFFERS,91883,0.0,0.7,0.8,0.0,0.1,0.0,0.0,0.5,8,PARTIAL
772,772|190068|2025-11-25|2025-12-01|772-190068-20251125|Allocation Report - SE4 BLACK (PINK) FRIDAY,190068,0.0,0.7,0.8,0.0,0.1,0.0,0.0,0.5,8,PARTIAL
772,772|95571|2026-03-26|2026-04-08|772-95571-20260326|Allocation Report - WK39&40 AUTUMN PART 3 MAJOR VITAMIN,95571,0.0,0.7,0.8,0.0,0.1,0.0,0.0,0.5,8,PARTIAL
772,772|597450|2026-03-19|2026-03-25|772-597450-20260319|Allocation Report - SE08 MAKE UP CATEGORY SALES EVENT,597450,0.0,0.7,0.8,0.0,0.1,0.0,0.0,0.5,8,PARTIAL
772,772|116646|2026-01-22|2026-02-04|772-116646-20260122|Allocation Report - WK30&31 HAIRCARE GOODY BAG,116646,0.0,0.7,1.0,0.0,0.1357,0.0,0.0,0.5,8,PARTIAL
772,772|87691|2026-04-09|2026-04-22|772-87691-20260409|Allocation Report - WK41&42 SKINCARE GOODY BAG,87691,0.0,0.7,0.8,0.0,0.1,0.0,0.0,0.5,8,PARTIAL
772,772|580|2025-12-11|2025-12-24|772-580-20251211|Allocation Report - WK24&25 XMAS PT4 MAJOR VITAMINS,580,0.0,0.7,1.0,0.0,0.6,1.0,0.0,0.5,8,PARTIAL
772,772|194051|2026-02-05|2026-02-18|772-194051-20260205|Allocation Report - WK32&33 BEAUTY BOX,194051,0.0,0.7,0.8,0.0,0.1,0.0,0.0,0.5,8,PARTIAL
772,772|67694|2026-03-19|2026-03-25|772-67694-20260319|Allocation Report - SE08 MAKE UP CATEGORY SALES EVENT,67694,0.0,0.7,1.0,0.0,0.1,0.0,0.0,0.5,8,PARTIAL
772,772|188738|2026-01-15|2026-01-21|772-188738-20260115|Allocation Report - SE6 SKINCARE CATEGORY SALES EVENT,188738,0.0,0.7,0.8,0.0,0.2429,0.0,0.0,0.5,8,PARTIAL
772,772|90484|2026-04-23|2026-05-06|772-90484-20260423|Allocation Report - WK43&44 HEALTH & BEAUTY OFFERS,90484,0.0,0.7,1.0,0.0,0.1,0.0,0.0,0.5,8,PARTIAL
772,772|94061|2025-12-11|2025-12-24|772-94061-20251211|Allocation Report - WK24&25 XMAS PT4 MAJOR VITAMINS,94061,0.0,0.7,0.8,0.0,0.1357,0.0,0.0,0.5,8,PARTIAL
772,772|70363|2025-11-25|2025-12-01|772-70363-20251125|Allocation Report - SE4 BLACK (PINK) FRIDAY,70363,0.0,0.7,1.0,0.0,0.1,0.0,0.0,0.5,8,PARTIAL
772,772|193240|2026-03-19|2026-03-25|772-193240-20260319|Allocation Report - SE08 MAKE UP CATEGORY SALES EVENT,193240,0.0,0.7,0.8,0.0,0.1714,0.0,0.0,0.5,8,PARTIAL
772,772|199159|2025-11-13|2025-11-26|772-199159-20251113|Allocation Report - WK20&21 XMAS PART 2 SKIN GOODY BAG,199159,0.0,0.7,0.8,0.0,0.1,0.0,0.0,0.5,8,PARTIAL
772,772|710067|2026-02-05|2026-02-18|772-710067-20260205|Allocation Report - WK32&33 BEAUTY BOX,710067,0.0,0.7,0.8,0.0,0.1357,0.0,0.0,0.5,8,PARTIAL
772,772|33265|2025-12-11|2025-12-24|772-33265-20251211|Allocation Report - WK24&25 XMAS PT4 MAJOR VITAMINS,33265,0.0,0.7,0.8,0.0,0.2429,0.0,0.0,0.5,8,PARTIAL
772,772|92161|2026-03-05|2026-03-18|772-92161-20260305|Allocation Report - OP21 FEMALE FOUNDERS,92161,0.0,0.7,1.0,0.0,0.1,0.0,0.0,0.5,8,PARTIAL
772,772|92842|2025-12-11|2025-12-24|772-92842-20251211|Allocation Report - WK24&25 XMAS PT4 MAJOR VITAMINS,92842,0.0,0.7,0.8,0.0,0.1,0.0,0.0,0.5,8,PARTIAL
772,772|93564|2025-12-11|2025-12-24|772-93564-20251211|Allocation Report - WK24&25 XMAS PT4 MAJOR VITAMINS,93564,0.0,0.7,0.8,0.0,0.1,0.0,0.0,0.5,8,PARTIAL
772,772|54384|2025-11-25|2025-12-01|772-54384-20251125|Allocation Report - SE4 BLACK (PINK) FRIDAY,54384,0.0,0.7,1.0,0.0,0.1714,0.0,0.0,0.5,8,PARTIAL
772,772|88141|2026-03-26|2026-04-08|772-88141-20260326|Allocation Report - WK39&40 AUTUMN PART 3 MAJOR VITAMIN,88141,0.0,0.7,0.8,0.0,0.1,0.0,0.0,0.5,8,PARTIAL
772,772|193540|2026-04-23|2026-05-06|772-193540-20260423|Allocation Report - WK43&44 HEALTH & BEAUTY OFFERS,193540,0.0,0.7,0.8,0.0,0.1,0.0,0.0,0.5,8,PARTIAL
772,772|186766|2026-01-15|2026-01-21|772-186766-20260115|Allocation Report - SE6 SKINCARE CATEGORY SALES EVENT,186766,0.0,0.7,0.8,0.0,0.2429,0.0,0.0,0.5,8,PARTIAL
772,772|193241|2026-03-19|2026-03-25|772-193241-20260319|Allocation Report - SE08 MAKE UP CATEGORY SALES EVENT,193241,0.0,0.7,0.8,0.0,0.1,0.0,0.0,0.5,8,PARTIAL
772,772|92819|2026-04-23|2026-05-06|772-92819-20260423|Allocation Report - WK43&44 HEALTH & BEAUTY OFFERS,92819,0.0,0.7,0.8,0.0,0.1,0.0,0.0,0.5,8,PARTIAL
772,772|69815|2026-03-19|2026-03-25|772-69815-20260319|Allocation Report - SE08 MAKE UP CATEGORY SALES EVENT,69815,0.0,0.7,0.8,0.0,0.1,0.0,0.0,0.5,8,PARTIAL
772,772|92698|2025-12-25|2026-01-14|772-92698-20251225|Allocation Report - WK26-28 NEW YEAR NEW YOU,92698,0.0,0.7,1.0,0.0,0.1,0.0,0.0,0.5,8,PARTIAL
772,772|35049|2025-11-25|2025-12-01|772-35049-20251125|Allocation Report - SE4 BLACK (PINK) FRIDAY,35049,0.0,0.7,0.8,0.0,0.1,0.0,0.0,0.5,8,PARTIAL
772,772|87692|2025-11-13|2025-11-26|772-87692-20251113|Allocation Report - WK20&21 XMAS PART 2 SKIN GOODY BAG,87692,0.0,0.7,0.8,0.0,0.1,0.0,0.0,0.5,8,PARTIAL
772,772|34996|2025-11-25|2025-12-01|772-34996-20251125|Allocation Report - SE4 BLACK (PINK) FRIDAY,34996,0.0,0.7,0.8,0.0,0.1,0.0,0.0,0.5,8,PARTIAL
772,772|199518|2026-03-05|2026-03-18|772-199518-20260305|Allocation Report - OP21 FEMALE FOUNDERS,199518,0.0,0.7,0.8,0.0,0.1357,0.0,0.0,0.5,8,PARTIAL
772,772|44226|2026-03-05|2026-03-18|772-44226-20260305|Allocation Report - OP21 FEMALE FOUNDERS,44226,0.0,0.7,1.0,0.0,0.1357,0.0,0.0,0.5,8,PARTIAL
772,772|91153|2026-02-05|2026-02-18|772-91153-20260205|Allocation Report - WK32&33 BEAUTY BOX,91153,0.0,0.7,0.8,0.0,0.1357,0.0,0.0,0.5,8,PARTIAL
772,772|199819|2026-03-26|2026-04-08|772-199819-20260326|Allocation Report - WK39&40 AUTUMN PART 3 MAJOR VITAMIN,199819,0.0,0.7,0.8,0.0,0.1,0.0,0.0,0.5,8,PARTIAL
772,772|66734|2026-02-05|2026-02-18|772-66734-20260205|Allocation Report - WK32&33 BEAUTY BOX,66734,0.0,0.7,0.8,0.0,0.1714,0.0,0.0,0.5,8,PARTIAL
772,772|192124|2025-11-13|2025-11-26|772-192124-20251113|Allocation Report - WK20&21 XMAS PART 2 SKIN GOODY BAG,192124,0.0,0.7,0.8,0.0,0.2071,0.0,0.0,0.5,8,PARTIAL
772,772|91151|2026-01-22|2026-02-04|772-91151-20260122|Allocation Report - WK30&31 HAIRCARE GOODY BAG,91151,0.0,0.7,0.8,0.0,0.1,0.0,0.0,0.5,8,PARTIAL
772,772|185193|2025-12-25|2026-01-14|772-185193-20251225|Allocation Report - WK26-28 NEW YEAR NEW YOU,185193,0.0,0.7,0.8,0.0,0.1476,0.0,0.0,0.5,8,PARTIAL
772,772|91968|2025-12-25|2026-01-14|772-91968-20251225|Allocation Report - WK26-28 NEW YEAR NEW YOU,91968,0.0,0.7,0.8,0.0,0.1,0.0,0.0,0.5,8,PARTIAL
772,772|15827|2026-03-19|2026-03-25|772-15827-20260319|Allocation Report - SE08 MAKE UP CATEGORY SALES EVENT,15827,0.0,0.7,1.0,0.0,0.1,0.0,0.0,0.5,8,PARTIAL
772,772|38616|2026-01-15|2026-01-21|772-38616-20260115|Allocation Report - SE6 SKINCARE CATEGORY SALES EVENT,38616,0.0,0.7,1.0,0.0,0.1,0.0,0.0,0.5,8,PARTIAL
772,772|42901|2026-04-09|2026-04-22|772-42901-20260409|Allocation Report - WK41&42 SKINCARE GOODY BAG,42901,0.0,0.7,0.8,0.0,0.1357,0.0,0.0,0.5,8,PARTIAL
772,772|91871|2025-12-25|2026-01-14|772-91871-20251225|Allocation Report - WK26-28 NEW YEAR NEW YOU,91871,0.0,0.7,0.8,0.0,0.1,0.0,0.0,0.5,8,PARTIAL
772,772|92930|2026-01-15|2026-01-21|772-92930-20260115|Allocation Report - SE6 SKINCARE CATEGORY SALES EVENT,92930,0.0,0.7,0.8,0.0,0.1,0.0,0.0,0.5,8,PARTIAL
772,772|97065|2026-03-19|2026-03-25|772-97065-20260319|Allocation Report - SE08 MAKE UP CATEGORY SALES EVENT,97065,0.0,0.7,0.8,0.0,0.1,0.0,0.0,0.5,8,PARTIAL
772,772|42784|2026-04-09|2026-04-22|772-42784-20260409|Allocation Report - WK41&42 SKINCARE GOODY BAG,42784,0.0,0.7,0.8,0.0,0.2429,1.0,0.0,0.5,8,PARTIAL
772,772|198708|2026-04-23|2026-05-06|772-198708-20260423|Allocation Report - WK43&44 HEALTH & BEAUTY OFFERS,198708,0.0,0.7,0.8,0.0,0.1,0.0,0.0,0.5,8,PARTIAL
772,772|618579|2026-02-05|2026-02-18|772-618579-20260205|Allocation Report - WK32&33 BEAUTY BOX,618579,0.0,0.7,0.8,0.0,0.1,0.0,0.0,0.5,8,PARTIAL
772,772|299936|2026-02-05|2026-02-18|772-299936-20260205|Allocation Report - WK32&33 BEAUTY BOX,299936,0.0,0.7,0.8,0.0,0.1,0.0,0.0,0.5,8,PARTIAL
772,772|185492|2026-02-19|2026-03-04|772-185492-20260219|Allocation Report - WK34&35 AUTUMN PART 1,185492,0.0,0.7,0.8,0.0,0.1,0.0,0.0,0.5,8,PARTIAL
772,772|26425|2025-12-11|2025-12-24|772-26425-20251211|Allocation Report - WK24&25 XMAS PT4 MAJOR VITAMINS,26425,0.0,0.7,1.0,0.0,0.1,0.0,0.0,0.5,8,PARTIAL
772,772|50581|2025-12-11|2025-12-24|772-50581-20251211|Allocation Report - WK24&25 XMAS PT4 MAJOR VITAMINS,50581,0.0,0.7,0.8,0.0,0.3143,0.0,0.0,0.5,8,PARTIAL
772,772|62123|2026-03-05|2026-03-18|772-62123-20260305|Allocation Report - OP21 FEMALE FOUNDERS,62123,0.0,0.7,0.8,0.0,0.1714,0.0,0.0,0.5,8,PARTIAL
772,772|943169|2026-04-09|2026-04-22|772-943169-20260409|Allocation Report - WK41&42 SKINCARE GOODY BAG,943169,0.0,0.7,0.8,0.0,0.1357,0.0,0.0,0.5,8,PARTIAL
772,772|91024|2025-12-02|2025-12-10|772-91024-20251202|Allocation Report - WK23 CHRISTMAS PART 3,91024,0.0,0.7,0.8,0.0,0.1,0.0,0.0,0.5,8,PARTIAL
772,772|190076|2025-11-25|2025-12-01|772-190076-20251125|Allocation Report - SE4 BLACK (PINK) FRIDAY,190076,0.0,0.7,0.8,0.0,0.1,0.0,0.0,0.5,8,PARTIAL
772,772|42485|2025-12-11|2025-12-24|772-42485-20251211|Allocation Report - WK24&25 XMAS PT4 MAJOR VITAMINS,42485,0.0,0.7,0.8,0.0,0.1,0.0,0.0,0.5,8,PARTIAL
772,772|41313|2026-03-26|2026-04-08|772-41313-20260326|Allocation Report - WK39&40 AUTUMN PART 3 MAJOR VITAMIN,41313,0.0,0.7,0.8,0.0,0.2429,0.0,0.0,0.5,8,PARTIAL
772,772|64098|2026-01-15|2026-01-21|772-64098-20260115|Allocation Report - SE6 SKINCARE CATEGORY SALES EVENT,64098,0.0,0.7,0.8,0.0,0.1,0.0,0.0,0.5,8,PARTIAL
772,772|197416|2026-03-19|2026-03-25|772-197416-20260319|Allocation Report - SE08 MAKE UP CATEGORY SALES EVENT,197416,0.0,0.7,0.8,0.0,0.1,0.0,0.0,0.5,8,PARTIAL
772,772|90126|2026-02-05|2026-02-18|772-90126-20260205|Allocation Report - WK32&33 BEAUTY BOX,90126,0.0,0.7,0.8,0.0,0.1,0.0,0.0,0.5,8,PARTIAL
772,772|90769|2026-03-05|2026-03-18|772-90769-20260305|Allocation Report - OP21 FEMALE FOUNDERS,90769,0.0,0.7,0.8,0.0,0.1,0.0,0.0,0.5,8,PARTIAL
772,772|482870|2025-12-11|2025-12-24|772-482870-20251211|Allocation Report - WK24&25 XMAS PT4 MAJOR VITAMINS,482870,0.0,0.7,0.8,0.0,0.2429,0.0,0.0,0.5,8,PARTIAL
772,772|98047|2026-04-23|2026-05-06|772-98047-20260423|Allocation Report - WK43&44 HEALTH & BEAUTY OFFERS,98047,0.0,0.7,0.8,0.0,0.1,0.0,0.0,0.5,8,PARTIAL
772,772|58344|2026-02-19|2026-03-04|772-58344-20260219|Allocation Report - WK34&35 AUTUMN PART 1,58344,0.0,0.7,1.0,0.0,0.1,0.0,0.0,0.5,8,PARTIAL
772,772|187986|2025-12-11|2025-12-24|772-187986-20251211|Allocation Report - WK24&25 XMAS PT4 MAJOR VITAMINS,187986,0.0,0.7,0.8,0.0,0.1,0.0,0.0,0.5,8,PARTIAL
772,772|91966|2025-12-02|2025-12-10|772-91966-20251202|Allocation Report - WK23 CHRISTMAS PART 3,91966,0.0,0.7,0.8,0.0,0.1,0.0,0.0,0.5,8,PARTIAL
772,772|195978|2026-02-08|2026-02-14|772-195978-20260208|Allocation Report - SE07 VALENTINES DAY FRAGRANCE,195978,0.0,0.7,0.8,0.0,0.1,0.0,0.0,0.5,8,PARTIAL
772,772|74389|2026-04-09|2026-04-22|772-74389-20260409|Allocation Report - WK41&42 SKINCARE GOODY BAG,74389,0.0,0.7,0.8,0.0,0.1,0.0,0.0,0.5,8,PARTIAL
772,772|93338|2025-11-13|2025-11-26|772-93338-20251113|Allocation Report - WK20&21 XMAS PART 2 SKIN GOODY BAG,93338,0.0,0.7,1.0,0.0,0.2429,1.0,0.0,0.5,8,PARTIAL
772,772|93458|2025-12-25|2026-01-14|772-93458-20251225|Allocation Report - WK26-28 NEW YEAR NEW YOU,93458,0.0,0.7,0.8,0.0,0.1952,0.0,0.0,0.5,8,PARTIAL
772,772|22987|2026-04-09|2026-04-22|772-22987-20260409|Allocation Report - WK41&42 SKINCARE GOODY BAG,22987,0.0,0.7,0.8,0.0,0.1357,0.0,0.0,0.5,8,PARTIAL
772,772|591461|2025-12-25|2026-01-14|772-591461-20251225|Allocation Report - WK26-28 NEW YEAR NEW YOU,591461,0.0,0.7,0.8,0.0,0.1238,0.0,0.0,0.5,8,PARTIAL
772,772|44226|2026-04-09|2026-04-22|772-44226-20260409|Allocation Report - WK41&42 SKINCARE GOODY BAG,44226,0.0,0.7,1.0,0.0,0.1,0.0,0.0,0.5,8,PARTIAL
772,772|93879|2026-03-05|2026-03-18|772-93879-20260305|Allocation Report - OP21 FEMALE FOUNDERS,93879,0.0,0.7,1.0,0.0,0.1,0.0,0.0,0.5,8,PARTIAL
772,772|966444|2025-12-02|2025-12-10|772-966444-20251202|Allocation Report - WK23 CHRISTMAS PART 3,966444,0.0,0.7,0.8,0.0,0.1,0.0,0.0,0.5,8,PARTIAL
772,772|88910|2025-11-25|2025-12-01|772-88910-20251125|Allocation Report - SE4 BLACK (PINK) FRIDAY,88910,0.0,0.7,0.8,0.0,0.1,0.0,0.0,0.5,8,PARTIAL
772,772|95138|2026-01-22|2026-02-04|772-95138-20260122|Allocation Report - WK30&31 HAIRCARE GOODY BAG,95138,0.0,0.7,0.8,0.0,0.1,0.0,0.0,0.5,8,PARTIAL
772,772|284289|2025-11-13|2025-11-26|772-284289-20251113|Allocation Report - WK20&21 XMAS PART 2 SKIN GOODY BAG,284289,0.0,0.7,0.8,0.0,0.1,0.0,0.0,0.5,8,PARTIAL
772,772|88157|2026-04-23|2026-05-06|772-88157-20260423|Allocation Report - WK43&44 HEALTH & BEAUTY OFFERS,88157,0.0,0.7,0.8,0.0,0.1,0.0,0.0,0.5,8,PARTIAL
772,772|195930|2025-12-11|2025-12-24|772-195930-20251211|Allocation Report - WK24&25 XMAS PT4 MAJOR VITAMINS,195930,0.0,0.7,0.8,0.0,0.1714,0.0,0.0,0.5,8,PARTIAL
772,772|189712|2026-04-23|2026-05-06|772-189712-20260423|Allocation Report - WK43&44 HEALTH & BEAUTY OFFERS,189712,0.0,0.7,0.8,0.0,0.1,0.0,0.0,0.5,8,PARTIAL
772,772|647818|2026-04-23|2026-05-06|772-647818-20260423|Allocation Report - WK43&44 HEALTH & BEAUTY OFFERS,647818,0.0,0.7,0.8,0.0,0.1357,0.0,0.0,0.5,8,PARTIAL
772,772|59994|2025-12-11|2025-12-24|772-59994-20251211|Allocation Report - WK24&25 XMAS PT4 MAJOR VITAMINS,59994,0.0,0.7,0.8,0.0,0.2071,0.0,0.0,0.5,8,PARTIAL
772,772|88124|2026-02-05|2026-02-18|772-88124-20260205|Allocation Report - WK32&33 BEAUTY BOX,88124,0.0,0.7,0.8,0.0,0.1,0.0,0.0,0.5,8,PARTIAL
772,772|187507|2026-03-24|2026-04-22|772-187507-20260324|Allocation Report - New Line 26 WK38,187507,0.0,0.7,0.8,0.0,0.1,0.0,0.0,0.5,8,PARTIAL
772,772|647883|2025-11-13|2025-11-26|772-647883-20251113|Allocation Report - WK20&21 XMAS PART 2 SKIN GOODY BAG,647883,0.0,0.7,0.8,0.0,0.4214,0.0,0.0,0.5,8,PARTIAL
772,772|196324|2025-11-25|2025-12-01|772-196324-20251125|Allocation Report - SE4 BLACK (PINK) FRIDAY,196324,0.0,0.7,0.8,0.0,0.1714,0.0,0.0,0.5,8,PARTIAL
772,772|285455|2025-11-13|2025-11-26|772-285455-20251113|Allocation Report - WK20&21 XMAS PART 2 SKIN GOODY BAG,285455,0.0,0.7,0.8,0.0,0.1,0.0,0.0,0.5,8,PARTIAL
772,772|199183|2025-12-11|2025-12-24|772-199183-20251211|Allocation Report - WK24&25 XMAS PT4 MAJOR VITAMINS,199183,0.0,0.7,0.8,0.0,0.1,0.0,0.0,0.5,8,PARTIAL
772,772|198973|2025-11-13|2025-11-26|772-198973-20251113|Allocation Report - WK20&21 XMAS PART 2 SKIN GOODY BAG,198973,0.0,0.7,0.8,0.0,0.1,0.0,0.0,0.5,8,PARTIAL
772,772|97868|2026-03-24|2026-04-22|772-97868-20260324|Allocation Report - New Line 26 WK38,97868,0.0,0.7,0.8,0.0,0.1,0.0,0.0,0.5,8,PARTIAL
772,772|483699|2025-12-11|2025-12-24|772-483699-20251211|Allocation Report - WK24&25 XMAS PT4 MAJOR VITAMINS,483699,0.0,0.7,0.8,0.0,0.2071,0.0,0.0,0.5,8,PARTIAL
772,772|187620|2025-12-02|2025-12-10|772-187620-20251202|Allocation Report - WK23 CHRISTMAS PART 3,187620,0.0,0.7,0.8,0.0,0.1,0.0,0.0,0.5,8,PARTIAL
772,772|39309|2026-02-19|2026-03-04|772-39309-20260219|Allocation Report - WK34&35 AUTUMN PART 1,39309,0.0,0.7,0.8,0.0,0.1714,0.0,0.0,0.5,8,PARTIAL
772,772|192519|2026-04-09|2026-04-22|772-192519-20260409|Allocation Report - WK41&42 SKINCARE GOODY BAG,192519,0.0,0.7,1.0,0.0,0.1,0.0,0.0,0.5,8,PARTIAL
772,772|94702|2026-02-19|2026-03-04|772-94702-20260219|Allocation Report - WK34&35 AUTUMN PART 1,94702,0.0,0.7,0.8,0.0,0.1,0.0,0.0,0.5,8,PARTIAL
772,772|91013|2025-12-02|2025-12-10|772-91013-20251202|Allocation Report - WK23 CHRISTMAS PART 3,91013,0.0,0.7,0.8,0.0,0.1556,0.0,0.0,0.5,8,PARTIAL
772,772|93849|2026-01-15|2026-01-21|772-93849-20260115|Allocation Report - SE6 SKINCARE CATEGORY SALES EVENT,93849,0.0,0.7,0.8,0.0,0.1,0.0,0.0,0.5,8,PARTIAL
772,772|493502|2026-02-19|2026-03-04|772-493502-20260219|Allocation Report - WK34&35 AUTUMN PART 1,493502,0.0,0.7,1.0,0.0,0.1,0.0,0.0,0.5,8,PARTIAL
772,772|94001|2025-12-01|2025-12-13|772-94001-20251201|Allocation Report - OP15 12 DAYS OF CHRISTMAS,94001,0.0,0.7,0.8,0.0,0.1,0.0,0.0,0.5,8,PARTIAL
772,772|21097|2025-12-11|2025-12-24|772-21097-20251211|Allocation Report - WK24&25 XMAS PT4 MAJOR VITAMINS,21097,0.0,0.7,0.8,0.0,0.1357,0.0,0.0,0.5,8,PARTIAL
772,772|195523|2026-02-19|2026-03-04|772-195523-20260219|Allocation Report - WK34&35 AUTUMN PART 1,195523,0.0,0.7,1.0,0.0,0.1,0.0,0.0,0.5,8,PARTIAL
772,772|365033|2026-04-23|2026-05-06|772-365033-20260423|Allocation Report - WK43&44 HEALTH & BEAUTY OFFERS,365033,0.0,0.7,0.8,0.0,0.1,0.0,0.0,0.5,8,PARTIAL
